Player,Team,Opponent,Game Date,Best Book,Best Odds,Median Market Odds,Books Quoting,Best Implied Probability,Median Market Implied Probability,Probability-Price Difference,Quote Age,Status
Sean Tucker,TB,CLE,2026-09-20,betrivers,325,192.0,7,0.23529411764705882,0.3424657534246575,0.1071716357775987,1.5720328333333333,PRICE_OUTLIER
Mark Andrews,BAL,NO,2026-09-20,betrivers,175,125.0,8,0.36363636363636365,0.4444444444444444,0.08080808080808077,0.8682415833333333,OK
Xavier Hutchinson,HOU,CIN,2026-09-20,betrivers,350,232.50000000000003,8,0.2222222222222222,0.3007518796992481,0.0785296574770259,1.68743255,PRICE_OUTLIER
Rashod Bateman,BAL,NO,2026-09-20,betrivers,270,190.0,8,0.27027027027027023,0.3448275862068966,0.07455731593662634,0.8682415833333333,PRICE_OUTLIER
Quentin Johnston,LAC,LV,2026-09-20,betrivers,175,129.99999999999997,8,0.36363636363636365,0.4347826086956522,0.07114624505928857,2.2622729,OK
Cade Otton,TB,CLE,2026-09-20,betrivers,350,247.5,8,0.2222222222222222,0.28776978417266186,0.06554756195043965,1.5720328333333333,PRICE_OUTLIER
Jonah Coleman,DEN,JAX,2026-09-20,betrivers,550,359.99999999999994,5,0.15384615384615385,0.2173913043478261,0.06354515050167225,1.1109404666666667,PRICE_OUTLIER
J. Michael Sturdivant,GB,NYJ,2026-09-20,betrivers,1900,800.0,3,0.05,0.1111111111111111,0.0611111111111111,1.6733642499999999,PRICE_OUTLIER
Ted Hurst III,TB,CLE,2026-09-20,betrivers,460,320.0,7,0.17857142857142858,0.23809523809523808,0.05952380952380951,1.5720328333333333,PRICE_OUTLIER
Jaylin Noel,HOU,CIN,2026-09-20,betrivers,425,309.99999999999994,8,0.19047619047619047,0.24390243902439027,0.0534262485481998,1.68743255,PRICE_OUTLIER
Keaton Mitchell,LAC,LV,2026-09-20,fanduel,500,365.00000000000006,8,0.16666666666666666,0.2150537634408602,0.04838709677419353,2.2622729,PRICE_OUTLIER
MarShawn Lloyd,GB,NYJ,2026-09-20,fanatics,170,138.99999999999997,8,0.37037037037037035,0.4184100418410042,0.04803967147063387,2.2233642500000004,OK
Bo Nix,DEN,JAX,2026-09-20,betmgm,425,319.99999999999994,8,0.19047619047619047,0.23809523809523814,0.04761904761904767,1.7442738,PRICE_OUTLIER
Chris Rodriguez Jr.,JAX,DEN,2026-09-20,fanatics,370,285.0,8,0.2127659574468085,0.2597402597402597,0.0469743022934512,1.7442738,OK
Kyle Pitts,ATL,CAR,2026-09-20,fanatics,450,340.00000000000006,8,0.18181818181818182,0.22727272727272727,0.04545454545454544,1.9671282166666666,PRICE_OUTLIER
John Bates,WAS,DAL,2026-09-20,betrivers,700,487.5,8,0.125,0.1702127659574468,0.045212765957446804,3.2652496166666665,PRICE_OUTLIER
Jakobi Meyers,JAX,DEN,2026-09-20,betmgm,320,254.99999999999997,8,0.23809523809523808,0.28169014084507044,0.043594902749832354,1.7442738,OK
Jelani Woods,NYJ,GB,2026-09-20,betrivers,2900,1200.0,8,0.03333333333333333,0.07692307692307693,0.043589743589743594,2.2233642500000004,PRICE_OUTLIER
Kaelon Black,SF,MIA,2026-09-20,fanatics,225,185.5,8,0.3076923076923077,0.3502626970227671,0.04257038933045937,2.9501660000000003,OK
Omarion Hampton,LAC,LV,2026-09-20,betmgm,-135,-160.99378881987576,8,0.574468085106383,0.6168491194669204,0.04238103436053742,2.2622729,OK
Bhayshul Tuten,JAX,DEN,2026-09-20,bovada,220,181.99999999999997,8,0.3125,0.3546099290780142,0.0421099290780142,1.7442738,OK
Jake Ferguson,DAL,WAS,2026-09-20,fanatics,310,250.0,8,0.24390243902439027,0.2857142857142857,0.04181184668989543,3.2652496166666665,OK
George Kittle,SF,MIA,2026-09-20,fanatics,210,174.5,8,0.3225806451612903,0.36429872495446264,0.041718079793172325,2.9501660000000003,OK
Brenen Thompson,LAC,LV,2026-09-20,betrivers,1100,700.0,7,0.08333333333333333,0.125,0.04166666666666667,2.2622729,PRICE_OUTLIER
Kyle Monangai,CHI,MIN,2026-09-20,fanatics,210,175.0,8,0.3225806451612903,0.36363636363636365,0.04105571847507333,1.6860952166666665,OK
Tyler Badie,DEN,JAX,2026-09-20,betrivers,1200,750.0,7,0.07692307692307693,0.11764705882352941,0.04072398190045248,1.7442738,PRICE_OUTLIER
Chig Okonkwo,WAS,DAL,2026-09-20,betrivers,450,350.0,5,0.18181818181818182,0.2222222222222222,0.04040404040404039,3.2652496166666665,OK
Luther Burden III,CHI,MIN,2026-09-20,betrivers,195,163.99999999999997,8,0.3389830508474576,0.37878787878787884,0.03980482794042123,1.6860952166666665,OK
Colston Loveland,CHI,MIN,2026-09-20,fanatics,190,159.99999999999997,8,0.3448275862068966,0.3846153846153847,0.03978779840848812,1.6860952166666665,OK
Justin Jefferson,MIN,CHI,2026-09-20,fanatics,190,160.0,8,0.3448275862068966,0.3846153846153846,0.039787798408488007,1.6860952166666665,OK
Marvin Mims Jr.,DEN,JAX,2026-09-20,betrivers,1150,737.5,8,0.08,0.11940298507462686,0.03940298507462686,1.7442738,PRICE_OUTLIER
Derrick Henry,BAL,NO,2026-09-20,betmgm,-225,-272.29357798165137,8,0.6923076923076923,0.7313947757516018,0.03908708344390954,0.8682415833333333,OK
Cooper Kupp,SEA,ARI,2026-09-20,betmgm,475,370.0,8,0.17391304347826086,0.2127659574468085,0.03885291396854765,2.24694255,OK
Stefon Diggs,WAS,DAL,2026-09-20,fanatics,265,220.00000000000003,8,0.273972602739726,0.3125,0.03852739726027399,3.2652496166666665,OK
Travis Hunter,JAX,DEN,2026-09-20,fanatics,1050,700.0,8,0.08695652173913043,0.125,0.03804347826086957,1.7442738,PRICE_OUTLIER
Devaughn Vele,NO,BAL,2026-09-20,fanatics,450,355.0,8,0.18181818181818182,0.21978021978021978,0.03796203796203795,0.8682415833333333,OK
Kenneth Walker III,KC,IND,2026-09-20,betrivers,-186,-219.99999999999997,8,0.6503496503496503,0.6875,0.03715034965034969,3.2686915,OK
LaJohntay Wester,BAL,NO,2026-09-20,betrivers,800,575.0,8,0.1111111111111111,0.14814814814814814,0.037037037037037035,0.8682415833333333,PRICE_OUTLIER
Josh Whyle,GB,NYJ,2026-09-20,betrivers,2400,1200.0,7,0.04,0.07692307692307693,0.036923076923076927,2.2233642500000004,PRICE_OUTLIER
Sam LaPorta,DET,BUF,2026-09-17,fanatics,250,210.0,8,0.2857142857142857,0.3225806451612903,0.036866359447004615,2.248649383333333,OK
Dak Prescott,DAL,WAS,2026-09-20,fanatics,700,520.0,8,0.125,0.16129032258064516,0.03629032258064516,3.2652496166666665,PRICE_OUTLIER
Tyquan Thornton,KC,IND,2026-09-20,fanatics,750,550.0,8,0.11764705882352941,0.15384615384615385,0.036199095022624445,3.2686915,PRICE_OUTLIER
Troy Franklin,DEN,JAX,2026-09-20,betmgm,1100,737.5,8,0.08333333333333333,0.11940298507462686,0.036069651741293535,1.7442738,PRICE_OUTLIER
D'Andre Swift,CHI,MIN,2026-09-20,fanatics,-120,-138.88489208633098,8,0.5454545454545454,0.5813883451287457,0.035933799674200295,1.6860952166666665,OK
Emmett Johnson,KC,IND,2026-09-20,betrivers,480,380.00000000000006,8,0.1724137931034483,0.20833333333333331,0.03591954022988503,3.2686915,OK
LeQuint Allen Jr.,JAX,DEN,2026-09-20,betmgm,1650,975.0,8,0.05714285714285714,0.09302325581395349,0.035880398671096346,1.7442738,PRICE_OUTLIER
Tyler Warren,IND,KC,2026-09-20,fanatics,300,250.0,8,0.25,0.2857142857142857,0.0357142857142857,3.2686915,OK
Darren Waller,CAR,ATL,2026-09-20,fanatics,475,377.50000000000006,8,0.17391304347826086,0.20942408376963348,0.035511040291372614,1.9671282166666666,OK
Mo Alie-Cox,IND,KC,2026-09-20,betmgm,1450,900.0,8,0.06451612903225806,0.1,0.03548387096774194,3.2686915,PRICE_OUTLIER
RJ Harvey,DEN,JAX,2026-09-20,fanatics,280,235.0,7,0.2631578947368421,0.29850746268656714,0.03534956794972505,1.7442738,OK
Adonai Mitchell,NYJ,GB,2026-09-20,fanatics,400,325.0,8,0.2,0.23529411764705882,0.03529411764705881,2.2233642500000004,OK
Pat Bryant,DEN,JAX,2026-09-20,fanatics,420,340.00000000000006,8,0.1923076923076923,0.22727272727272727,0.034965034965034975,1.7442738,OK
T.J. Hockenson,MIN,CHI,2026-09-20,fanatics,420,340.00000000000006,8,0.1923076923076923,0.22727272727272727,0.034965034965034975,1.6860952166666665,OK
Garrett Wilson,NYJ,GB,2026-09-20,fanatics,220,188.0,8,0.3125,0.3472222222222222,0.03472222222222221,2.2233642500000004,OK
Travis Kelce,KC,IND,2026-09-20,fanatics,210,179.99999999999997,8,0.3225806451612903,0.35714285714285715,0.03456221198156684,3.2686915,OK
Nate Boerkircher,JAX,DEN,2026-09-20,betmgm,1050,725.0,8,0.08695652173913043,0.12121212121212122,0.03425559947299078,1.7442738,PRICE_OUTLIER
Elic Ayomanor,TEN,PHI,2026-09-20,betrivers,1300,850.0,7,0.07142857142857142,0.10526315789473684,0.03383458646616541,0.95919885,PRICE_OUTLIER
Kenyon Sadiq,NYJ,GB,2026-09-20,fanatics,600,467.5,8,0.14285714285714285,0.1762114537444934,0.03335431088735055,2.2233642500000004,OK
Samaje Perine,CIN,HOU,2026-09-20,fanatics,750,562.5,8,0.11764705882352941,0.1509433962264151,0.03329633740288568,1.68743255,PRICE_OUTLIER
Rome Odunze,CHI,MIN,2026-09-20,fanatics,230,197.5,8,0.30303030303030304,0.3361344537815126,0.03310415075120954,1.6860952166666665,OK
Dallas Goedert,PHI,TEN,2026-09-20,betrivers,245,210.0,7,0.2898550724637681,0.3225806451612903,0.03272557269752219,0.95919885,OK
Carnell Tate,TEN,PHI,2026-09-20,fanatics,400,330.0,7,0.2,0.23255813953488372,0.03255813953488371,0.95919885,OK
Tee Higgins,CIN,HOU,2026-09-20,fanatics,190,165.0,8,0.3448275862068966,0.37735849056603776,0.03253090435914119,1.68743255,OK
Evan Engram,DEN,JAX,2026-09-20,fanatics,420,345.0,8,0.1923076923076923,0.2247191011235955,0.03241140881590321,1.7442738,OK
Tre Harris,LAC,LV,2026-09-20,betrivers,260,222.5,8,0.2777777777777778,0.31007751937984496,0.03229974160206717,2.2622729,OK
Jayden Reed,GB,NYJ,2026-09-20,fanatics,300,254.99999999999997,8,0.25,0.28169014084507044,0.031690140845070436,2.2233642500000004,OK
Kayshon Boutte,HOU,CIN,2026-09-20,fanatics,300,254.99999999999997,8,0.25,0.28169014084507044,0.031690140845070436,1.68743255,OK
TreVeyon Henderson,NE,PIT,2026-09-20,fanatics,300,254.99999999999997,8,0.25,0.28169014084507044,0.031690140845070436,1.0581373,OK
Ray Davis,BUF,DET,2026-09-17,betrivers,480,390.00000000000006,8,0.1724137931034483,0.2040816326530612,0.031667839549612914,2.248649383333333,OK
Rashee Rice,KC,IND,2026-09-20,betmgm,155,136.00000000000003,8,0.3921568627450981,0.42372881355932196,0.03157195081422387,3.2686915,OK
Jalen Nailor,LV,LAC,2026-09-20,fanatics,525,422.49999999999994,8,0.16,0.19138755980861244,0.031387559808612436,2.2622729,OK
DeVonta Smith,PHI,TEN,2026-09-20,fanatics,225,195.00000000000003,7,0.3076923076923077,0.3389830508474576,0.0312907431551499,0.95919885,OK
Jadarian Price,SEA,ARI,2026-09-20,fanatics,160,140.50000000000003,8,0.3846153846153846,0.41580041580041577,0.031185031185031187,2.24694255,OK
Drake Maye,NE,PIT,2026-09-20,betrivers,255,220.00000000000003,8,0.28169014084507044,0.3125,0.030809859154929564,1.0581373,OK
Dalton Kincaid,BUF,DET,2026-09-17,betrivers,195,170.5,8,0.3389830508474576,0.36968576709796674,0.030702716250509132,2.248649383333333,OK
Ja'Marr Chase,CIN,HOU,2026-09-20,betmgm,130,114.99999999999999,8,0.4347826086956522,0.46511627906976744,0.030333670374115218,1.68743255,OK
Terry McLaurin,WAS,DAL,2026-09-20,fanatics,230,200.0,8,0.30303030303030304,0.3333333333333333,0.030303030303030276,3.2652496166666665,OK
Kalif Raymond,CHI,MIN,2026-09-20,fanatics,310,265.0,8,0.24390243902439027,0.273972602739726,0.030070163715335746,1.6860952166666665,OK
Harold Fannin Jr.,CLE,TB,2026-09-20,fanatics,420,350.0,8,0.1923076923076923,0.2222222222222222,0.02991452991452992,1.5720328333333333,OK
Marvin Harrison Jr.,ARI,SEA,2026-09-20,fanatics,420,350.0,8,0.1923076923076923,0.2222222222222222,0.02991452991452992,2.24694255,OK
Trevor Lawrence,JAX,DEN,2026-09-20,fanatics,420,350.0,8,0.1923076923076923,0.2222222222222222,0.02991452991452992,1.7442738,OK
Eli Raridon,NE,PIT,2026-09-20,betrivers,950,700.0,8,0.09523809523809523,0.125,0.029761904761904767,1.0581373,PRICE_OUTLIER
Kimani Vidal,LAC,LV,2026-09-20,draftkings,950,700.0,7,0.09523809523809523,0.125,0.029761904761904767,2.2622729,PRICE_OUTLIER
AJ Barner,SEA,ARI,2026-09-20,fanatics,360,305.0,8,0.2173913043478261,0.2469135802469136,0.029522275899087486,2.24694255,OK
Mark Redman,GB,NYJ,2026-09-20,betrivers,2000,1200.0,7,0.047619047619047616,0.07692307692307693,0.02930402930402931,2.2233642500000004,PRICE_OUTLIER
Nikko Remigio,KC,IND,2026-09-20,betmgm,2000,1200.0,8,0.047619047619047616,0.07692307692307693,0.02930402930402931,3.2686915,PRICE_OUTLIER
Hunter Henry,NE,PIT,2026-09-20,betrivers,250,217.49999999999997,8,0.2857142857142857,0.31496062992125984,0.02924634420697414,1.0581373,OK
Brock Purdy,SF,MIA,2026-09-20,betrivers,340,290.0,8,0.22727272727272727,0.25641025641025644,0.029137529137529178,2.9501660000000003,OK
Rico Dowdle,PIT,NE,2026-09-20,fanatics,200,175.99999999999997,8,0.3333333333333333,0.3623188405797102,0.028985507246376885,1.0581373,OK
Tank Bigsby,PHI,TEN,2026-09-20,fanatics,700,550.0,7,0.125,0.15384615384615385,0.028846153846153855,0.95919885,OK
Charlie Kolar,LAC,LV,2026-09-20,betmgm,625,500.0,8,0.13793103448275862,0.16666666666666666,0.02873563218390804,2.2622729,OK
Amon-Ra St. Brown,DET,BUF,2026-09-17,betmgm,115,102.49999999999999,8,0.46511627906976744,0.4938271604938272,0.028710881424059753,2.248649383333333,OK
Bo Melton,GB,NYJ,2026-09-20,betrivers,1300,900.0,8,0.07142857142857142,0.1,0.02857142857142858,2.2233642500000004,PRICE_OUTLIER
Malik Benson,LV,LAC,2026-09-20,betrivers,1300,900.0,7,0.07142857142857142,0.1,0.02857142857142858,2.2622729,PRICE_OUTLIER
Woody Marks,HOU,CIN,2026-09-20,betmgm,240,210.0,8,0.29411764705882354,0.3225806451612903,0.028462998102466774,1.68743255,OK
Jahdae Walker,CHI,MIN,2026-09-20,betrivers,1500,1000.0,8,0.0625,0.09090909090909091,0.02840909090909091,1.6860952166666665,PRICE_OUTLIER
Mike Gesicki,CIN,HOU,2026-09-20,fanatics,370,315.00000000000006,8,0.2127659574468085,0.24096385542168672,0.028197897974878205,1.68743255,OK
George Pickens,DAL,WAS,2026-09-20,betrivers,143,127.49999999999999,8,0.41152263374485604,0.43956043956043955,0.028037805815583516,3.2652496166666665,OK
Breece Hall,NYJ,GB,2026-09-20,fanatics,-105,-117.49787234042553,8,0.5121951219512195,0.5402253873845673,0.028030265433347745,2.2233642500000004,OK
Jonathon Brooks,CAR,ATL,2026-09-20,fanatics,360,307.49999999999994,8,0.2173913043478261,0.24539877300613502,0.028007468658308915,1.9671282166666666,OK
Isaac TeSlaa,DET,BUF,2026-09-17,fanatics,550,450.0,8,0.15384615384615385,0.18181818181818182,0.02797202797202797,2.248649383333333,OK
Tyler Shough,NO,BAL,2026-09-20,fanatics,550,450.0,8,0.15384615384615385,0.18181818181818182,0.02797202797202797,0.8682415833333333,OK
Brian Thomas Jr,JAX,DEN,2026-09-20,fanatics,325,280.0,8,0.23529411764705882,0.2631578947368421,0.02786377708978327,1.7442738,OK
Malik Willis,MIA,SF,2026-09-20,fanatics,325,280.0,8,0.23529411764705882,0.2631578947368421,0.02786377708978327,2.9501660000000003,OK
Romeo Doubs,NE,PIT,2026-09-20,fanatics,325,280.0,8,0.23529411764705882,0.2631578947368421,0.02786377708978327,1.0581373,OK
Justin Herbert,LAC,LV,2026-09-20,fanatics,525,432.5,8,0.16,0.18779342723004694,0.027793427230046935,2.2622729,OK
Jordan Addison,MIN,CHI,2026-09-20,fanatics,300,260.0,8,0.25,0.2777777777777778,0.02777777777777779,1.6860952166666665,OK
Adam Trautman,DEN,JAX,2026-09-20,betmgm,1100,800.0,8,0.08333333333333333,0.1111111111111111,0.027777777777777776,1.7442738,PRICE_OUTLIER
DJ Giddens,IND,KC,2026-09-20,fanatics,1700,1100.0,7,0.05555555555555555,0.08333333333333333,0.027777777777777776,3.2686915,PRICE_OUTLIER
Jaxon Smith-Njigba,SEA,ARI,2026-09-20,fanatics,145,129.5,8,0.4081632653061224,0.4357298474945534,0.027566582188431,2.24694255,OK
Braelon Allen,NYJ,GB,2026-09-20,fanatics,340,292.5,8,0.22727272727272727,0.25477707006369427,0.027504342790967,2.2233642500000004,OK
Emeka Egbuka,TB,CLE,2026-09-20,betrivers,180,160.0,8,0.35714285714285715,0.3846153846153846,0.02747252747252743,1.5720328333333333,OK
Noah Gray,KC,IND,2026-09-20,fanatics,900,687.5,8,0.1,0.12698412698412698,0.02698412698412697,3.2686915,PRICE_OUTLIER
Rashid Shaheed,SEA,ARI,2026-09-20,fanatics,380,325.0,8,0.20833333333333334,0.23529411764705882,0.026960784313725478,2.24694255,OK
Jeremy Ruckert,NYJ,GB,2026-09-20,betrivers,1900,1200.0,8,0.05,0.07692307692307693,0.026923076923076925,2.2233642500000004,PRICE_OUTLIER
Christian McCaffrey,SF,MIA,2026-09-20,betmgm,-220,-250.00000000000006,8,0.6875,0.7142857142857143,0.0267857142857143,2.9501660000000003,OK
Dalton Schultz,HOU,CIN,2026-09-20,betrivers,250,220.00000000000003,8,0.2857142857142857,0.3125,0.0267857142857143,1.68743255,OK
Darnell Washington,PIT,NE,2026-09-20,fanatics,1000,750.0,8,0.09090909090909091,0.11764705882352941,0.0267379679144385,1.0581373,PRICE_OUTLIER
Mason Taylor,NYJ,GB,2026-09-20,betrivers,600,490.00000000000006,8,0.14285714285714285,0.1694915254237288,0.026634382566585957,2.2233642500000004,OK
Kirk Cousins,LV,LAC,2026-09-20,fanatics,3000,1600.0,8,0.03225806451612903,0.058823529411764705,0.026565464895635674,2.2622729,PRICE_OUTLIER
Dontayvion Wicks,PHI,TEN,2026-09-20,fanatics,360,309.99999999999994,7,0.2173913043478261,0.24390243902439027,0.026511134676564158,0.95919885,OK
Michael Mayer,LV,LAC,2026-09-20,fanatics,310,270.0,8,0.24390243902439027,0.27027027027027023,0.026367831245879964,2.2622729,OK
Chase Brown,CIN,HOU,2026-09-20,fanatics,115,103.50000000000001,8,0.46511627906976744,0.49140049140049136,0.02628421233072392,1.68743255,OK
Jaylen Warren,PIT,NE,2026-09-20,betmgm,175,156.5,8,0.36363636363636365,0.38986354775828463,0.026227184121920988,1.0581373,OK
Brenton Strange,JAX,DEN,2026-09-20,fanatics,325,282.5,8,0.23529411764705882,0.26143790849673204,0.02614379084967322,1.7442738,OK
Antonio Williams,WAS,DAL,2026-09-20,fanatics,475,400.0,8,0.17391304347826086,0.2,0.026086956521739146,3.2652496166666665,OK
Jauan Jennings,MIN,CHI,2026-09-20,fanatics,475,400.0,8,0.17391304347826086,0.2,0.026086956521739146,1.6860952166666665,OK
Oronde Gadsden II,LAC,LV,2026-09-20,bovada,600,492.5,8,0.14285714285714285,0.16877637130801687,0.02591922845087402,2.2622729,OK
Jayden Daniels,WAS,DAL,2026-09-20,fanatics,240,212.5,8,0.29411764705882354,0.32,0.025882352941176467,3.2652496166666665,OK
Ashton Jeanty,LV,LAC,2026-09-20,fanatics,-105,-116.48068669527898,8,0.5121951219512195,0.5380650277557494,0.025869905804529858,2.2622729,OK
Kyle Williams,NE,PIT,2026-09-20,fanatics,1200,875.0,8,0.07692307692307693,0.10256410256410256,0.025641025641025633,1.0581373,PRICE_OUTLIER
Rachaad White,WAS,DAL,2026-09-20,fanatics,225,200.0,8,0.3076923076923077,0.3333333333333333,0.025641025641025605,3.2652496166666665,OK
Chris Brooks,GB,NYJ,2026-09-20,fanatics,190,170.00000000000003,8,0.3448275862068966,0.37037037037037035,0.025542784163473775,2.2233642500000004,OK
Mike Evans,SF,MIA,2026-09-20,betmgm,150,135.0,8,0.4,0.425531914893617,0.025531914893617003,2.9501660000000003,OK
Quinshon Judkins,CLE,TB,2026-09-20,betmgm,150,135.0,8,0.4,0.425531914893617,0.025531914893617003,1.5720328333333333,OK
Foster Moreau,HOU,CIN,2026-09-20,betrivers,1150,850.0,8,0.08,0.10526315789473684,0.025263157894736835,1.68743255,PRICE_OUTLIER
Ty Johnson,BUF,DET,2026-09-17,fanatics,420,359.99999999999994,8,0.1923076923076923,0.2173913043478261,0.025083612040133818,2.248649383333333,OK
Cam Ward,TEN,PHI,2026-09-20,fanatics,900,700.0,7,0.1,0.125,0.024999999999999994,0.95919885,PRICE_OUTLIER
Chris Bell,MIA,SF,2026-09-20,fanatics,900,700.0,8,0.1,0.125,0.024999999999999994,2.9501660000000003,PRICE_OUTLIER
Jack Bech,LV,LAC,2026-09-20,bovada,900,700.0,7,0.1,0.125,0.024999999999999994,2.2622729,PRICE_OUTLIER
Josh Oliver,MIN,CHI,2026-09-20,fanatics,900,700.0,8,0.1,0.125,0.024999999999999994,1.6860952166666665,PRICE_OUTLIER
Kyle Juszczyk,SF,MIA,2026-09-20,fanatics,900,700.0,8,0.1,0.125,0.024999999999999994,2.9501660000000003,PRICE_OUTLIER
Chuba Hubbard,CAR,ATL,2026-09-20,betrivers,-109,-120.49792531120332,8,0.5215311004784688,0.5464809936018066,0.02494989312333773,1.9671282166666666,OK
Parker Washington,JAX,DEN,2026-09-20,fanatics,230,204.99999999999997,8,0.30303030303030304,0.3278688524590164,0.024838549428713386,1.7442738,OK
Bijan Robinson,ATL,CAR,2026-09-20,betmgm,-190,-212.47058823529412,8,0.6551724137931035,0.6799698795180723,0.02479746572496877,1.9671282166666666,OK
Dyami Brown,WAS,DAL,2026-09-20,betrivers,1500,1050.0,8,0.0625,0.08695652173913043,0.024456521739130432,3.2652496166666665,PRICE_OUTLIER
Dohnte Meyers,CIN,HOU,2026-09-20,betmgm,1450,1025.0,8,0.06451612903225806,0.08888888888888889,0.02437275985663083,1.68743255,PRICE_OUTLIER
Khalil Shakir,BUF,DET,2026-09-17,draftkings,250,222.5,8,0.2857142857142857,0.31007751937984496,0.02436323366555926,2.248649383333333,OK
Jared Wiley,KC,IND,2026-09-20,betrivers,1400,1000.0,7,0.06666666666666667,0.09090909090909091,0.024242424242424246,3.2686915,PRICE_OUTLIER
Darius Cooper,PHI,TEN,2026-09-20,betmgm,2500,1500.0,5,0.038461538461538464,0.0625,0.024038461538461536,0.95919885,PRICE_OUTLIER
Jalen Coker,CAR,ATL,2026-09-20,fanatics,300,265.00000000000006,8,0.25,0.273972602739726,0.023972602739726012,1.9671282166666666,OK
George Holani,SEA,ARI,2026-09-20,fanatics,200,179.99999999999997,8,0.3333333333333333,0.35714285714285715,0.023809523809523836,2.24694255,OK
Emari Demercado,DAL,WAS,2026-09-20,fanatics,500,425.0,7,0.16666666666666666,0.19047619047619047,0.023809523809523808,3.2652496166666665,OK
Greg Dulcich,MIA,SF,2026-09-20,fanatics,740,600.0,8,0.11904761904761904,0.14285714285714285,0.023809523809523808,2.9501660000000003,OK
Mike Washington Jr.,LV,LAC,2026-09-20,fanatics,600,500.0,8,0.14285714285714285,0.16666666666666666,0.023809523809523808,2.2622729,OK
Emanuel Wilson,SEA,ARI,2026-09-20,draftkings,1100,837.5,8,0.08333333333333333,0.10666666666666667,0.023333333333333345,2.24694255,PRICE_OUTLIER
Tylan Wallace,CLE,TB,2026-09-20,betrivers,3000,1700.0,8,0.03225806451612903,0.05555555555555555,0.02329749103942652,1.5720328333333333,PRICE_OUTLIER
Ke'Shawn Williams,CIN,HOU,2026-09-20,fanatics,4000,2000.0,7,0.024390243902439025,0.047619047619047616,0.02322880371660859,1.68743255,PRICE_OUTLIER
Jahan Dotson,ATL,CAR,2026-09-20,draftkings,700,575.0,8,0.125,0.14814814814814814,0.02314814814814814,1.9671282166666666,OK
Derius Davis,LAC,LV,2026-09-20,fanatics,900,712.5,4,0.1,0.12307692307692308,0.023076923076923078,0.8289395666666667,OK
Hunter Luepke,DAL,WAS,2026-09-20,fanatics,1200,900.0,8,0.07692307692307693,0.1,0.023076923076923078,3.2652496166666665,PRICE_OUTLIER
Jaleel McLaughlin,CLE,TB,2026-09-20,betmgm,1200,900.0,7,0.07692307692307693,0.1,0.023076923076923078,1.5720328333333333,PRICE_OUTLIER
Denzel Boston,CLE,TB,2026-09-20,fanatics,420,365.00000000000006,8,0.1923076923076923,0.2150537634408602,0.0227460711331679,1.5720328333333333,OK
David Njoku,LAC,LV,2026-09-20,betmgm,340,300.0,8,0.22727272727272727,0.25,0.022727272727272735,2.2622729,OK
Chicago Bears D/ST,,,2026-09-20,draftkings,750,612.5,4,0.11764705882352941,0.14035087719298245,0.022703818369453038,1.6860952166666665,TEAM_UNKNOWN
J.K. Dobbins,DEN,JAX,2026-09-20,fanatics,110,100.49999999999999,8,0.47619047619047616,0.49875311720698257,0.022562641016506402,1.7442738,OK
Jahmyr Gibbs,DET,BUF,2026-09-17,fanatics,-250,-279.99999999999994,8,0.7142857142857143,0.7368421052631579,0.022556390977443552,2.248649383333333,OK
Baker Mayfield,TB,CLE,2026-09-20,fanatics,610,512.5,8,0.14084507042253522,0.16326530612244897,0.02242023569991375,1.5720328333333333,OK
Aaron Jones,MIN,CHI,2026-09-20,draftkings,-135,-148.0,8,0.574468085106383,0.5967741935483871,0.02230610844200409,1.6860952166666665,OK
Jameson Williams,DET,BUF,2026-09-17,fanatics,210,190.0,8,0.3225806451612903,0.3448275862068966,0.02224694104560626,2.248649383333333,OK
Trey McBride,ARI,SEA,2026-09-20,fanatics,210,190.0,8,0.3225806451612903,0.3448275862068966,0.02224694104560626,2.24694255,OK
DeMario Douglas,NE,PIT,2026-09-20,fanatics,400,350.0,8,0.2,0.2222222222222222,0.0222222222222222,1.0581373,OK
Keon Coleman,BUF,DET,2026-09-17,fanatics,475,409.99999999999994,8,0.17391304347826086,0.19607843137254904,0.02216538789428818,2.248649383333333,OK
Christian Watson,GB,NYJ,2026-09-20,fanatics,190,172.5,8,0.3448275862068966,0.36697247706422015,0.022144890857323574,2.2233642500000004,OK
Matthew Golden,GB,NYJ,2026-09-20,fanatics,250,225.0,8,0.2857142857142857,0.3076923076923077,0.02197802197802201,2.2233642500000004,OK
Makai Lemon,PHI,TEN,2026-09-20,fanatics,525,450.0,7,0.16,0.18181818181818182,0.02181818181818182,0.95919885,OK
Olamide Zaccheaus,ATL,CAR,2026-09-20,betmgm,850,687.5,8,0.10526315789473684,0.12698412698412698,0.02172096908939014,1.9671282166666666,OK
Tre Tucker,LV,LAC,2026-09-20,betrivers,335,297.5,8,0.2298850574712644,0.25157232704402516,0.021687269572760765,2.2622729,OK
Jacory Croskey-Merritt,WAS,DAL,2026-09-20,betrivers,120,110.00000000000001,8,0.45454545454545453,0.47619047619047616,0.021645021645021634,3.2652496166666665,OK
Rhamondre Stevenson,NE,PIT,2026-09-20,fanatics,115,105.49999999999997,8,0.46511627906976744,0.4866180048661801,0.021501725796412685,1.0581373,OK
David Montgomery,HOU,CIN,2026-09-20,betmgm,-135,-147.45762711864407,8,0.574468085106383,0.5958904109589042,0.02142232585252113,1.68743255,OK
Austin Hooper,ATL,CAR,2026-09-20,fanatics,1700,1200.0,7,0.05555555555555555,0.07692307692307693,0.021367521367521375,1.9671282166666666,PRICE_OUTLIER
Drew Sample,CIN,HOU,2026-09-20,fanatics,1700,1200.0,8,0.05555555555555555,0.07692307692307693,0.021367521367521375,1.68743255,PRICE_OUTLIER
Bryce Lance,NO,BAL,2026-09-20,fanduel,900,725.0,8,0.1,0.12121212121212122,0.02121212121212121,0.8682415833333333,OK
Bryce Young,CAR,ATL,2026-09-20,fanatics,475,412.5,8,0.17391304347826086,0.1951219512195122,0.021208907741251337,1.9671282166666666,OK
Patrick Mahomes,KC,IND,2026-09-20,betmgm,340,302.50000000000006,8,0.22727272727272727,0.24844720496894407,0.021174477696216804,3.2686915,OK
Tory Horton,SEA,ARI,2026-09-20,betmgm,1050,825.0,8,0.08695652173913043,0.10810810810810811,0.021151586368977682,2.24694255,OK
Michael Pittman Jr.,PIT,NE,2026-09-20,fanatics,500,432.5,8,0.16666666666666666,0.18779342723004694,0.02112676056338028,1.0581373,OK
San Francisco 49ers D/ST,,,2026-09-20,bovada,600,509.99999999999994,4,0.14285714285714285,0.1639344262295082,0.021077283372365363,2.216832666666667,TEAM_UNKNOWN
Laquon Treadwell,IND,KC,2026-09-20,fanatics,2200,1450.0,8,0.043478260869565216,0.06451612903225806,0.021037868162692847,3.2686915,PRICE_OUTLIER
Matthew Hibner,BAL,NO,2026-09-20,fanatics,2200,1450.0,8,0.043478260869565216,0.06451612903225806,0.021037868162692847,0.8682415833333333,PRICE_OUTLIER
Ben Sinnott,WAS,DAL,2026-09-20,fanatics,1500,1100.0,8,0.0625,0.08333333333333333,0.02083333333333333,3.2652496166666665,PRICE_OUTLIER
John Metchie III,CAR,ATL,2026-09-20,fanatics,1500,1100.0,7,0.0625,0.08333333333333333,0.02083333333333333,1.9671282166666666,PRICE_OUTLIER
Zavion Thomas,CHI,MIN,2026-09-20,fanatics,1500,1100.0,5,0.0625,0.08333333333333333,0.02083333333333333,1.16942855,PRICE_OUTLIER
Chris Olave,NO,BAL,2026-09-20,fanatics,200,182.50000000000003,8,0.3333333333333333,0.35398230088495575,0.020648967551622432,0.8682415833333333,OK
Dareke Young,LV,LAC,2026-09-20,betrivers,5500,2500.0,3,0.017857142857142856,0.038461538461538464,0.020604395604395608,0.8289395666666667,PRICE_OUTLIER
Daniel Jones,IND,KC,2026-09-20,betrivers,650,550.0,8,0.13333333333333333,0.15384615384615385,0.020512820512820523,3.2686915,OK
Devontez Walker,BAL,NO,2026-09-20,fanatics,650,550.0,7,0.13333333333333333,0.15384615384615385,0.020512820512820523,0.8682415833333333,OK
Tommy Tremble,CAR,ATL,2026-09-20,fanatics,650,550.0,8,0.13333333333333333,0.15384615384615385,0.020512820512820523,1.9671282166666666,OK
Washington Commanders D/ST,,,2026-09-20,fanatics,650,550.0,3,0.13333333333333333,0.15384615384615385,0.020512820512820523,2.2319162833333333,TEAM_UNKNOWN
Andrei Iosivas,CIN,HOU,2026-09-20,betrivers,700,587.5,8,0.125,0.14545454545454545,0.020454545454545447,1.68743255,OK
Chris Moore,BAL,NO,2026-09-20,betrivers,700,587.5,6,0.125,0.14545454545454545,0.020454545454545447,0.8682415833333333,OK
Josh Cuevas,BAL,NO,2026-09-20,betrivers,2500,1600.0,8,0.038461538461538464,0.058823529411764705,0.02036199095022624,0.8682415833333333,PRICE_OUTLIER
Jonnu Smith,GB,NYJ,2026-09-20,fanatics,750,625.0,7,0.11764705882352941,0.13793103448275862,0.02028397565922921,2.2233642500000004,OK
Justice Hill,BAL,NO,2026-09-20,fanatics,500,434.99999999999994,8,0.16666666666666666,0.1869158878504673,0.020249221183800653,0.8682415833333333,OK
Malik Washington,MIA,SF,2026-09-20,fanatics,525,455.0,8,0.16,0.1801801801801802,0.020180180180180196,2.9501660000000003,OK
Zay Flowers,BAL,NO,2026-09-20,bovada,145,133.5,8,0.4081632653061224,0.4282655246252677,0.020102259319145277,0.8682415833333333,OK
Xavier Legette,CAR,ATL,2026-09-20,fanatics,550,475.0,8,0.15384615384615385,0.17391304347826086,0.02006688963210701,1.9671282166666666,OK
Skyy Moore,GB,NYJ,2026-09-20,fanatics,2200,1475.0,8,0.043478260869565216,0.06349206349206349,0.020013802622498272,2.2233642500000004,PRICE_OUTLIER
Jonathan Taylor,IND,KC,2026-09-20,fanatics,-140,-152.0,8,0.5833333333333333,0.6031746031746031,0.019841269841269882,3.2686915,OK
Quintin Morris,JAX,DEN,2026-09-20,fanatics,3500,2000.0,8,0.027777777777777776,0.047619047619047616,0.01984126984126984,1.7442738,PRICE_OUTLIER
Jalen McMillan,TB,CLE,2026-09-20,fanatics,370,330.0,8,0.2127659574468085,0.23255813953488372,0.019792182088075205,1.5720328333333333,OK
Roschon Johnson,CHI,MIN,2026-09-20,betmgm,1650,1200.0,7,0.05714285714285714,0.07692307692307693,0.019780219780219786,1.6860952166666665,PRICE_OUTLIER
Demarcus Robinson,SF,MIA,2026-09-20,fanatics,340,305.0,8,0.22727272727272727,0.2469135802469136,0.01964085297418633,2.9501660000000003,OK
DK Metcalf,PIT,NE,2026-09-20,draftkings,310,280.0,8,0.24390243902439027,0.2631578947368421,0.019255455712451824,1.0581373,OK
Daniel Bellinger,TEN,PHI,2026-09-20,betmgm,2200,1500.0,7,0.043478260869565216,0.0625,0.019021739130434784,0.95919885,PRICE_OUTLIER
Jordan Watkins,SF,MIA,2026-09-20,betrivers,2200,1500.0,3,0.043478260869565216,0.0625,0.019021739130434784,1.0668326666666668,PRICE_OUTLIER
Payne Durham,TB,CLE,2026-09-20,betmgm,2200,1500.0,8,0.043478260869565216,0.0625,0.019021739130434784,1.5720328333333333,PRICE_OUTLIER
Will Kacmarek,MIA,SF,2026-09-20,betmgm,2200,1500.0,8,0.043478260869565216,0.0625,0.019021739130434784,2.9501660000000003,PRICE_OUTLIER
Ameer Abdullah,JAX,DEN,2026-09-20,betmgm,1450,1100.0,8,0.06451612903225806,0.08333333333333333,0.018817204301075266,1.7442738,PRICE_OUTLIER
Chris Godwin,TB,CLE,2026-09-20,betmgm,210,193.00000000000003,8,0.3225806451612903,0.341296928327645,0.018716283166354708,1.5720328333333333,OK
Oscar Delp,NO,BAL,2026-09-20,betrivers,2500,1650.0,8,0.038461538461538464,0.05714285714285714,0.018681318681318677,0.8682415833333333,PRICE_OUTLIER
Dawson Knox,BUF,DET,2026-09-17,fanatics,575,500.0,8,0.14814814814814814,0.16666666666666666,0.018518518518518517,2.248649383333333,OK
Brian Robinson Jr.,ATL,CAR,2026-09-20,fanatics,370,332.5,8,0.2127659574468085,0.23121387283236994,0.018447915385561425,1.9671282166666666,OK
James Jordan,,,2026-09-20,fanatics,1200,950.0,7,0.07692307692307693,0.09523809523809523,0.018315018315018305,2.9501660000000003,TEAM_UNKNOWN
CeeDee Lamb,DAL,WAS,2026-09-20,fanatics,120,111.50000000000003,8,0.45454545454545453,0.47281323877068554,0.01826778422523101,3.2652496166666665,OK
Alvin Kamara,NO,BAL,2026-09-20,fanatics,450,400.0,8,0.18181818181818182,0.2,0.018181818181818188,0.8682415833333333,OK
Jerry Jeudy,CLE,TB,2026-09-20,fanatics,450,400.0,8,0.18181818181818182,0.2,0.018181818181818188,1.5720328333333333,OK
Jeremiyah Love,ARI,SEA,2026-09-20,fanatics,200,184.49999999999997,8,0.3333333333333333,0.351493848857645,0.018160515524311693,2.24694255,OK
Jalen Royals,KC,IND,2026-09-20,fanatics,2800,1800.0,8,0.034482758620689655,0.05263157894736842,0.018148820326678763,3.2686915,PRICE_OUTLIER
Jared Wayne,HOU,CIN,2026-09-20,betrivers,1600,1200.0,8,0.058823529411764705,0.07692307692307693,0.018099547511312222,1.68743255,PRICE_OUTLIER
Carolina Panthers D/ST,,,2026-09-20,bovada,700,600.0,4,0.125,0.14285714285714285,0.01785714285714285,1.9671282166666666,TEAM_UNKNOWN
Isaiah Williams,NYJ,GB,2026-09-20,betrivers,700,600.0,8,0.125,0.14285714285714285,0.01785714285714285,2.2233642500000004,OK
Cole Kmet,CHI,MIN,2026-09-20,fanatics,525,462.5,8,0.16,0.17777777777777778,0.01777777777777778,1.6860952166666665,OK
Arian Smith,NYJ,GB,2026-09-20,fanatics,3500,2100.0,8,0.027777777777777776,0.045454545454545456,0.01767676767676768,2.2233642500000004,PRICE_OUTLIER
Caleb Douglas,MIA,SF,2026-09-20,fanatics,500,442.5,8,0.16666666666666666,0.18433179723502305,0.01766513056835639,2.9501660000000003,OK
Geno Smith,NYJ,GB,2026-09-20,fanatics,900,750.0,8,0.1,0.11764705882352941,0.017647058823529405,2.2233642500000004,OK
Jacoby Brissett,ARI,SEA,2026-09-20,fanatics,900,750.0,8,0.1,0.11764705882352941,0.017647058823529405,2.24694255,OK
Jordan Love,GB,NYJ,2026-09-20,fanatics,900,750.0,8,0.1,0.11764705882352941,0.017647058823529405,2.2233642500000004,OK
Jaylen Waddle,DEN,JAX,2026-09-20,fanatics,200,185.0,8,0.3333333333333333,0.3508771929824561,0.017543859649122806,1.7442738,OK
Isaiah Davis,NYJ,GB,2026-09-20,fanatics,1500,1150.0,8,0.0625,0.08,0.0175,2.2233642500000004,PRICE_OUTLIER
Keenan Allen,IND,KC,2026-09-20,fanatics,400,359.99999999999994,8,0.2,0.2173913043478261,0.017391304347826098,3.2686915,OK
Raheim Sanders,CLE,TB,2026-09-20,fanatics,1000,825.0,8,0.09090909090909091,0.10810810810810811,0.017199017199017202,1.5720328333333333,OK
Gunnar Helm,TEN,PHI,2026-09-20,draftkings,600,525.0,7,0.14285714285714285,0.16,0.017142857142857154,0.95919885,OK
Pat Freiermuth,PIT,NE,2026-09-20,draftkings,600,525.0,8,0.14285714285714285,0.16,0.017142857142857154,1.0581373,OK
Jacob Cowing,SF,MIA,2026-09-20,betmgm,1450,1125.0,8,0.06451612903225806,0.08163265306122448,0.01711652402896642,2.9501660000000003,PRICE_OUTLIER
Michael Wilson,ARI,SEA,2026-09-20,fanatics,420,377.50000000000006,8,0.1923076923076923,0.20942408376963348,0.01711639146194119,2.24694255,OK
Blake Whiteheart,CLE,TB,2026-09-20,fanatics,2500,1700.0,8,0.038461538461538464,0.05555555555555555,0.01709401709401709,1.5720328333333333,PRICE_OUTLIER
Tyler Allgeier,ARI,SEA,2026-09-20,fanatics,230,212.5,8,0.30303030303030304,0.32,0.016969696969696968,2.24694255,OK
Brevyn Spann-Ford,DAL,WAS,2026-09-20,betmgm,825,700.0,8,0.10810810810810811,0.125,0.016891891891891886,3.2652496166666665,OK
Lamar Jackson,BAL,NO,2026-09-20,betmgm,190,176.49999999999997,8,0.3448275862068966,0.36166365280289337,0.01683606659599679,0.8682415833333333,OK
Alec Pierce,IND,KC,2026-09-20,fanatics,375,340.00000000000006,8,0.21052631578947367,0.22727272727272727,0.016746411483253593,3.2686915,OK
Jake Briningstool,KC,IND,2026-09-20,betmgm,1400,1100.0,8,0.06666666666666667,0.08333333333333333,0.016666666666666663,3.2686915,PRICE_OUTLIER
Jalen Hurts,PHI,TEN,2026-09-20,draftkings,150,140.0,7,0.4,0.4166666666666667,0.016666666666666663,0.95919885,OK
Travis Etienne Jr.,NO,BAL,2026-09-20,draftkings,150,140.0,8,0.4,0.4166666666666667,0.016666666666666663,0.8682415833333333,OK
Will Shipley,PHI,TEN,2026-09-20,fanduel,1400,1100.0,7,0.06666666666666667,0.08333333333333333,0.016666666666666663,0.95919885,PRICE_OUTLIER
Caleb Williams,CHI,MIN,2026-09-20,bovada,340,309.99999999999994,8,0.22727272727272727,0.24390243902439027,0.016629711751663,1.6860952166666665,OK
Juwan Johnson,NO,BAL,2026-09-20,fanatics,360,327.50000000000006,8,0.2173913043478261,0.23391812865497075,0.01652682430714464,0.8682415833333333,OK
James Cook,BUF,DET,2026-09-17,betmgm,-155,-165.9036144578313,8,0.607843137254902,0.6239238785681921,0.01608074131329007,2.248649383333333,OK
Noah Fant,NO,BAL,2026-09-20,betmgm,850,725.0,8,0.10526315789473684,0.12121212121212122,0.01594896331738438,0.8682415833333333,OK
Durham Smythe,BAL,NO,2026-09-20,betrivers,950,800.0,8,0.09523809523809523,0.1111111111111111,0.015873015873015872,0.8682415833333333,OK
Johnny Mundt,PHI,TEN,2026-09-20,fanatics,1700,1300.0,7,0.05555555555555555,0.07142857142857142,0.015873015873015872,0.95919885,PRICE_OUTLIER
KaVontae Turpin,DAL,WAS,2026-09-20,fanatics,800,687.5,8,0.1111111111111111,0.12698412698412698,0.015873015873015872,3.2652496166666665,OK
Treylon Burks,WAS,DAL,2026-09-20,fanatics,1700,1300.0,7,0.05555555555555555,0.07142857142857142,0.015873015873015872,3.2652496166666665,PRICE_OUTLIER
Joe Burrow,CIN,HOU,2026-09-20,fanatics,1000,837.5,8,0.09090909090909091,0.10666666666666667,0.015757575757575762,1.68743255,OK
Myles Price,MIN,CHI,2026-09-20,fanatics,3500,2200.0,8,0.027777777777777776,0.043478260869565216,0.01570048309178744,1.6860952166666665,PRICE_OUTLIER
Roman Wilson,PIT,NE,2026-09-20,fanatics,750,650.0,8,0.11764705882352941,0.13333333333333333,0.01568627450980392,1.0581373,OK
Cyrus Allen,KC,IND,2026-09-20,fanatics,2500,1750.0,8,0.038461538461538464,0.05405405405405406,0.015592515592515593,3.2686915,PRICE_OUTLIER
Luke Schoonmaker,DAL,WAS,2026-09-20,fanatics,1300,1050.0,8,0.07142857142857142,0.08695652173913043,0.015527950310559008,3.2652496166666665,OK
Connor Heyward,LV,LAC,2026-09-20,fanatics,2800,1900.0,7,0.034482758620689655,0.05,0.015517241379310348,2.2622729,PRICE_OUTLIER
Eli Heidenreich,PIT,NE,2026-09-20,fanatics,3000,2000.0,8,0.03225806451612903,0.047619047619047616,0.015360983102918585,1.0581373,PRICE_OUTLIER
Max Bredeson,MIN,CHI,2026-09-20,fanatics,3000,2000.0,4,0.03225806451612903,0.047619047619047616,0.015360983102918585,1.16942855,PRICE_OUTLIER
Tanner Koziol,JAX,DEN,2026-09-20,fanatics,3000,2000.0,8,0.03225806451612903,0.047619047619047616,0.015360983102918585,1.7442738,PRICE_OUTLIER
Zonovan Knight,,,2026-09-20,draftkings,3000,2000.0,5,0.03225806451612903,0.047619047619047616,0.015360983102918585,1.1302758833333333,PRICE_OUTLIER|TEAM_UNKNOWN
Aaron Rodgers,PIT,NE,2026-09-20,fanatics,2200,1600.0,8,0.043478260869565216,0.058823529411764705,0.015345268542199489,1.0581373,PRICE_OUTLIER
Isaiah Bond,CLE,TB,2026-09-20,fanatics,2200,1600.0,8,0.043478260869565216,0.058823529411764705,0.015345268542199489,1.5720328333333333,PRICE_OUTLIER
Ja'Tavion Sanders,CAR,ATL,2026-09-20,fanatics,2200,1600.0,5,0.043478260869565216,0.058823529411764705,0.015345268542199489,1.9671282166666666,PRICE_OUTLIER
Javonte Williams,DAL,WAS,2026-09-20,draftkings,-165,-175.99999999999994,8,0.6226415094339623,0.6376811594202898,0.015039649986327452,3.2652496166666665,OK
Tony Pollard,TEN,PHI,2026-09-20,fanatics,225,210.0,7,0.3076923076923077,0.3225806451612903,0.014888337468982604,0.95919885,OK
Buffalo Bills D/ST,,,2026-09-17,draftkings,650,575.0,4,0.13333333333333333,0.14814814814814814,0.014814814814814808,2.248649383333333,TEAM_UNKNOWN
Deshaun Watson,CLE,TB,2026-09-20,fanatics,650,575.0,8,0.13333333333333333,0.14814814814814814,0.014814814814814808,1.5720328333333333,OK
Kendre Miller,NO,BAL,2026-09-20,draftkings,650,575.0,8,0.13333333333333333,0.14814814814814814,0.014814814814814808,0.8682415833333333,OK
Jaylin Lane,WAS,DAL,2026-09-20,fanatics,1700,1325.0,8,0.05555555555555555,0.07017543859649122,0.014619883040935672,3.2652496166666665,PRICE_OUTLIER
Deebo Samuel,SF,MIA,2026-09-20,betmgm,230,215.0,8,0.30303030303030304,0.31746031746031744,0.014430014430014404,2.9501660000000003,OK
Demond Claiborne,MIN,CHI,2026-09-20,fanatics,1000,850.0,8,0.09090909090909091,0.10526315789473684,0.014354066985645925,1.6860952166666665,OK
Kaleb Johnson,GB,NYJ,2026-09-20,fanatics,1000,850.0,7,0.09090909090909091,0.10526315789473684,0.014354066985645925,2.2233642500000004,OK
Corey Kiner,NE,PIT,2026-09-20,fanatics,2500,1800.0,8,0.038461538461538464,0.05263157894736842,0.014170040485829954,1.0581373,PRICE_OUTLIER
Brayden Willis,SF,MIA,2026-09-20,bovada,4000,2500.0,7,0.024390243902439025,0.038461538461538464,0.014071294559099438,2.9501660000000003,PRICE_OUTLIER
Devin Duvernay,ARI,SEA,2026-09-20,fanatics,4000,2500.0,7,0.024390243902439025,0.038461538461538464,0.014071294559099438,2.24694255,PRICE_OUTLIER
Cade Stover,HOU,CIN,2026-09-20,betmgm,1200,1000.0,8,0.07692307692307693,0.09090909090909091,0.013986013986013984,1.68743255,OK
DeeJay Dallas,MIN,CHI,2026-09-20,fanatics,525,475.0,7,0.16,0.17391304347826086,0.013913043478260861,1.6860952166666665,OK
Kendrick Bourne,ARI,SEA,2026-09-20,fanatics,800,700.0,8,0.1111111111111111,0.125,0.013888888888888895,2.24694255,OK
Tez Johnson,TB,CLE,2026-09-20,fanatics,800,700.0,7,0.1111111111111111,0.125,0.013888888888888895,1.5720328333333333,OK
Ryan Flournoy,DAL,WAS,2026-09-20,fanatics,380,350.0,8,0.20833333333333334,0.2222222222222222,0.013888888888888867,3.2652496166666665,OK
Tyjae Spears,TEN,PHI,2026-09-20,fanatics,380,350.0,7,0.20833333333333334,0.2222222222222222,0.013888888888888867,0.95919885,OK
Ben Skowronek,PIT,NE,2026-09-20,fanatics,7000,3500.0,7,0.014084507042253521,0.027777777777777776,0.013693270735524255,1.0581373,PRICE_OUTLIER
Wan'Dale Robinson,TEN,PHI,2026-09-20,draftkings,425,390.00000000000006,7,0.19047619047619047,0.2040816326530612,0.013605442176870736,0.95919885,OK
Bucky Irving,TB,CLE,2026-09-20,betrivers,-124,-130.99236641221373,8,0.5535714285714286,0.5670852610707204,0.013513832499291833,1.5720328333333333,OK
Sam Roush,CHI,MIN,2026-09-20,fanatics,4000,2550.0,8,0.024390243902439025,0.03773584905660377,0.013345605154164747,1.6860952166666665,PRICE_OUTLIER
Tahj Brooks,CIN,HOU,2026-09-20,fanatics,4000,2550.0,8,0.024390243902439025,0.03773584905660377,0.013345605154164747,1.68743255,PRICE_OUTLIER
Colbie Young,CIN,HOU,2026-09-20,fanatics,3000,2100.0,8,0.03225806451612903,0.045454545454545456,0.013196480938416424,1.68743255,PRICE_OUTLIER
Deion Burks,IND,KC,2026-09-20,fanatics,2800,2000.0,7,0.034482758620689655,0.047619047619047616,0.013136288998357962,3.2686915,PRICE_OUTLIER
Germie Bernard,PIT,NE,2026-09-20,fanatics,2800,2000.0,8,0.034482758620689655,0.047619047619047616,0.013136288998357962,1.0581373,PRICE_OUTLIER
Rasheen Ali,BAL,NO,2026-09-20,fanatics,2800,2000.0,7,0.034482758620689655,0.047619047619047616,0.013136288998357962,0.8682415833333333,PRICE_OUTLIER
Zachariah Branch,ATL,CAR,2026-09-20,fanatics,1050,900.0,6,0.08695652173913043,0.1,0.013043478260869573,1.9671282166666666,OK
Tetairoa McMillan,CAR,ATL,2026-09-20,bovada,190,179.5,8,0.3448275862068966,0.35778175313059035,0.012954166923693777,1.9671282166666666,OK
Kansas City Chiefs D/ST,,,2026-09-20,draftkings,550,500.0,3,0.15384615384615385,0.16666666666666666,0.012820512820512803,1.3186915,TEAM_UNKNOWN
Alec Ingold,LAC,LV,2026-09-20,fanatics,4500,2800.0,7,0.021739130434782608,0.034482758620689655,0.012743628185907047,2.2622729,PRICE_OUTLIER
Tyler Conklin,DET,BUF,2026-09-17,fanatics,4000,2600.0,8,0.024390243902439025,0.037037037037037035,0.01264679313459801,2.248649383333333,PRICE_OUTLIER
Kylen Granson,TEN,PHI,2026-09-20,fanatics,6000,3400.0,3,0.01639344262295082,0.02857142857142857,0.01217798594847775,0.95919885,PRICE_OUTLIER
Joshua Palmer,,,2026-09-17,fanatics,650,587.5,8,0.13333333333333333,0.14545454545454545,0.012121212121212116,2.248649383333333,TEAM_UNKNOWN
Luke Farrell,SF,MIA,2026-09-20,betrivers,800,712.5,8,0.1111111111111111,0.12307692307692308,0.011965811965811979,2.9501660000000003,OK
Minnesota Vikings D/ST,,,2026-09-20,bovada,800,712.5,4,0.1111111111111111,0.12307692307692308,0.011965811965811979,1.6860952166666665,TEAM_UNKNOWN
Luke McCaffrey,WAS,DAL,2026-09-20,fanatics,1300,1100.0,7,0.07142857142857142,0.08333333333333333,0.011904761904761904,3.2652496166666665,OK
Nico Collins,HOU,CIN,2026-09-20,betrivers,148,141.0,4,0.40322580645161293,0.41493775933609955,0.01171195288448662,0.88743255,OK
Tucker Kraft,GB,NYJ,2026-09-20,fanatics,190,180.49999999999997,8,0.3448275862068966,0.3565062388591801,0.011678652652283517,2.2233642500000004,OK
C.J. Stroud,HOU,CIN,2026-09-20,fanatics,1000,875.0,8,0.09090909090909091,0.10256410256410256,0.011655011655011649,1.68743255,OK
Saquon Barkley,PHI,TEN,2026-09-20,fanduel,-105,-109.99999999999999,7,0.5121951219512195,0.5238095238095238,0.011614401858304313,0.95919885,OK
Cameron Latu,NE,PIT,2026-09-20,fanatics,4500,2900.0,7,0.021739130434782608,0.03333333333333333,0.011594202898550725,1.0581373,PRICE_OUTLIER
Jackson Meeks,DET,BUF,2026-09-17,draftkings,5500,3300.0,7,0.017857142857142856,0.029411764705882353,0.011554621848739496,2.248649383333333,PRICE_OUTLIER
Dylan Laube,LV,LAC,2026-09-20,fanatics,2500,1900.0,7,0.038461538461538464,0.05,0.011538461538461539,2.2622729,PRICE_OUTLIER
Bauer Sharp,TB,CLE,2026-09-20,betmgm,3500,2450.0,8,0.027777777777777776,0.0392156862745098,0.011437908496732027,1.5720328333333333,PRICE_OUTLIER
Colson Yankoff,WAS,DAL,2026-09-20,fanatics,3500,2450.0,8,0.027777777777777776,0.0392156862745098,0.011437908496732027,3.2652496166666665,PRICE_OUTLIER
Kaytron Allen,WAS,DAL,2026-09-20,betmgm,750,675.0,8,0.11764705882352941,0.12903225806451613,0.011385199240986715,3.2652496166666665,OK
Miami Dolphins D/ST,,,2026-09-20,draftkings,750,675.0,4,0.11764705882352941,0.12903225806451613,0.011385199240986715,2.216832666666667,TEAM_UNKNOWN
Reggie Virgil,ARI,SEA,2026-09-20,betrivers,4000,2700.0,7,0.024390243902439025,0.03571428571428571,0.011324041811846687,2.24694255,PRICE_OUTLIER
Drew Ogletree,,,2026-09-20,betrivers,3000,2200.0,8,0.03225806451612903,0.043478260869565216,0.011220196353436185,3.2686915,PRICE_OUTLIER|TEAM_UNKNOWN
Efton Chism III,NE,PIT,2026-09-20,fanatics,3000,2200.0,7,0.03225806451612903,0.043478260869565216,0.011220196353436185,1.0581373,PRICE_OUTLIER
Ko Kieft,TB,CLE,2026-09-20,fanatics,3000,2200.0,7,0.03225806451612903,0.043478260869565216,0.011220196353436185,1.5720328333333333,PRICE_OUTLIER
Tyler Goodson,DAL,WAS,2026-09-20,fanatics,3000,2200.0,6,0.03225806451612903,0.043478260869565216,0.011220196353436185,3.2652496166666665,PRICE_OUTLIER
Jalen Tolbert,MIA,SF,2026-09-20,bovada,2000,1600.0,7,0.047619047619047616,0.058823529411764705,0.011204481792717089,2.9501660000000003,OK
Tampa Bay Buccaneers D/ST,,,2026-09-20,bovada,500,462.5,4,0.16666666666666666,0.17777777777777778,0.011111111111111127,1.5720328333333333,TEAM_UNKNOWN
Carson Wentz,MIN,CHI,2026-09-20,fanatics,900,800.0,8,0.1,0.1111111111111111,0.0111111111111111,1.6860952166666665,OK
Sione Vaki,DET,BUF,2026-09-17,fanatics,900,800.0,8,0.1,0.1111111111111111,0.0111111111111111,2.248649383333333,OK
Pittsburgh Steelers D/ST,,,2026-09-20,bovada,600,550.0,4,0.14285714285714285,0.15384615384615385,0.010989010989011005,1.0581373,TEAM_UNKNOWN
Mack Hollins,NE,PIT,2026-09-20,betmgm,280,265.00000000000006,8,0.2631578947368421,0.273972602739726,0.010814708002883922,1.0581373,OK
Brycen Tremayne,CAR,ATL,2026-09-20,fanatics,3500,2500.0,7,0.027777777777777776,0.038461538461538464,0.010683760683760687,1.9671282166666666,PRICE_OUTLIER
DJ Herman,MIA,SF,2026-09-20,fanatics,3500,2500.0,6,0.027777777777777776,0.038461538461538464,0.010683760683760687,2.9501660000000003,PRICE_OUTLIER
Malachi Corley,CLE,TB,2026-09-20,fanatics,3500,2500.0,7,0.027777777777777776,0.038461538461538464,0.010683760683760687,1.5720328333333333,PRICE_OUTLIER
Kenny Gainwell,TB,CLE,2026-09-20,betmgm,195,186.00000000000003,8,0.3389830508474576,0.34965034965034963,0.010667298802892022,1.5720328333333333,OK
Ryan Miller,MIA,SF,2026-09-20,fanatics,7000,4000.0,8,0.014084507042253521,0.024390243902439025,0.010305736860185504,2.9501660000000003,PRICE_OUTLIER
Chimere Dike,TEN,PHI,2026-09-20,fanduel,1400,1200.0,7,0.06666666666666667,0.07692307692307693,0.010256410256410262,0.95919885,OK
Riley Nowakowski,PIT,NE,2026-09-20,betrivers,2900,2200.0,7,0.03333333333333333,0.043478260869565216,0.010144927536231883,1.0581373,PRICE_OUTLIER
CJ Williams,JAX,DEN,2026-09-20,betmgm,1600,1350.0,8,0.058823529411764705,0.06896551724137931,0.010141987829614604,1.7442738,OK
Atlanta Falcons D/ST,,,2026-09-20,bovada,800,725.0,4,0.1111111111111111,0.12121212121212122,0.01010101010101011,1.9671282166666666,TEAM_UNKNOWN
Andrew Beck,NYJ,GB,2026-09-20,fanatics,4000,2800.0,8,0.024390243902439025,0.034482758620689655,0.01009251471825063,2.2233642500000004,PRICE_OUTLIER
Xavier Worthy,KC,IND,2026-09-20,fanduel,220,210.0,8,0.3125,0.3225806451612903,0.010080645161290314,3.2686915,OK
Erick All,CIN,HOU,2026-09-20,fanatics,1200,1050.0,8,0.07692307692307693,0.08695652173913043,0.010033444816053505,1.68743255,OK
Kaden Wetjen,PIT,NE,2026-09-20,betrivers,2400,1900.0,7,0.04,0.05,0.010000000000000002,1.0581373,PRICE_OUTLIER
Keleki Latu,BUF,DET,2026-09-17,betrivers,3400,2500.0,6,0.02857142857142857,0.038461538461538464,0.009890109890109893,2.248649383333333,PRICE_OUTLIER
Drew Lock,SEA,ARI,2026-09-20,betrivers,650,600.0,8,0.13333333333333333,0.14285714285714285,0.009523809523809518,2.24694255,OK
Dallen Bentley,DEN,JAX,2026-09-20,draftkings,3000,2300.0,7,0.03225806451612903,0.041666666666666664,0.009408602150537633,1.7442738,PRICE_OUTLIER
De'Von Achane,MIA,SF,2026-09-20,fanatics,135,129.99999999999997,8,0.425531914893617,0.4347826086956522,0.009250693802035193,2.9501660000000003,OK
Barion Brown,NO,BAL,2026-09-20,betrivers,2500,2000.0,8,0.038461538461538464,0.047619047619047616,0.009157509157509153,0.8682415833333333,OK
Carsen Ryan,CLE,TB,2026-09-20,fanatics,2500,2000.0,7,0.038461538461538464,0.047619047619047616,0.009157509157509153,1.5720328333333333,OK
Hunter Long,ARI,SEA,2026-09-20,betrivers,2200,1800.0,7,0.043478260869565216,0.05263157894736842,0.009153318077803202,2.24694255,OK
Jared Goff,DET,BUF,2026-09-17,fanduel,2200,1800.0,8,0.043478260869565216,0.05263157894736842,0.009153318077803202,2.248649383333333,OK
Charlie Woerner,ATL,CAR,2026-09-20,betmgm,2800,2200.0,7,0.034482758620689655,0.043478260869565216,0.008995502248875561,1.9671282166666666,PRICE_OUTLIER
Tai Felton,MIN,CHI,2026-09-20,fanatics,2800,2200.0,8,0.034482758620689655,0.043478260869565216,0.008995502248875561,1.6860952166666665,PRICE_OUTLIER
Ian Thomas,LV,LAC,2026-09-20,fanatics,1700,1450.0,8,0.05555555555555555,0.06451612903225806,0.00896057347670251,2.2622729,OK
Kevin Coleman Jr.,MIA,SF,2026-09-20,fanatics,1700,1450.0,8,0.05555555555555555,0.06451612903225806,0.00896057347670251,2.9501660000000003,OK
Ashton Dulin,IND,KC,2026-09-20,fanatics,1500,1300.0,7,0.0625,0.07142857142857142,0.008928571428571425,3.2686915,OK
Brashard Smith,KC,IND,2026-09-20,betmgm,1500,1300.0,8,0.0625,0.07142857142857142,0.008928571428571425,3.2686915,OK
Camden Brown,DAL,WAS,2026-09-20,fanatics,1500,1300.0,7,0.0625,0.07142857142857142,0.008928571428571425,3.2652496166666665,OK
Jonathan Mingo,DAL,WAS,2026-09-20,fanatics,1500,1300.0,7,0.0625,0.07142857142857142,0.008928571428571425,3.2652496166666665,OK
Courtland Sutton,DEN,JAX,2026-09-20,betmgm,240,229.99999999999997,8,0.29411764705882354,0.30303030303030304,0.0089126559714795,1.7442738,OK
Cincinnati Bengals D/ST,,,2026-09-20,betmgm,575,537.5,4,0.14814814814814814,0.1568627450980392,0.008714596949891074,1.68743255,TEAM_UNKNOWN
Philadelphia Eagles D/ST,,,2026-09-20,fanatics,450,425.0,3,0.18181818181818182,0.19047619047619047,0.008658008658008642,0.95919885,TEAM_UNKNOWN
Feleipe Franks,CAR,ATL,2026-09-20,draftkings,7500,4500.0,6,0.013157894736842105,0.021739130434782608,0.008581235697940504,1.9671282166666666,PRICE_OUTLIER
Tanner Hudson,CIN,HOU,2026-09-20,betmgm,1750,1500.0,7,0.05405405405405406,0.0625,0.008445945945945943,1.68743255,OK
Brock Wright,DET,BUF,2026-09-17,draftkings,1200,1075.0,8,0.07692307692307693,0.0851063829787234,0.008183306055646475,2.248649383333333,OK
Jalen Brooks,ARI,SEA,2026-09-20,betmgm,5000,3500.0,8,0.0196078431372549,0.027777777777777776,0.008169934640522875,2.24694255,PRICE_OUTLIER
Michael Burton,CLE,TB,2026-09-20,fanatics,5000,3500.0,8,0.0196078431372549,0.027777777777777776,0.008169934640522875,1.5720328333333333,PRICE_OUTLIER
Jackson Hawes,BUF,DET,2026-09-17,betmgm,900,825.0,8,0.1,0.10810810810810811,0.008108108108108109,2.248649383333333,OK
Montorie Foster Jr.,SEA,ARI,2026-09-20,fanatics,6000,4000.0,8,0.01639344262295082,0.024390243902439025,0.007996801279488205,2.24694255,PRICE_OUTLIER
Josh Allen,BUF,DET,2026-09-17,fanatics,-135,-139.49820788530465,8,0.574468085106383,0.582460341215205,0.007992256108821927,2.248649383333333,OK
Tom Kennedy,DET,BUF,2026-09-17,draftkings,3500,2700.0,8,0.027777777777777776,0.03571428571428571,0.007936507936507936,2.248649383333333,PRICE_OUTLIER
KC Concepcion,CLE,TB,2026-09-20,draftkings,475,450.0,8,0.17391304347826086,0.18181818181818182,0.007905138339920958,1.5720328333333333,OK
Gavin Bartholomew,MIN,CHI,2026-09-20,fanatics,4000,3000.0,7,0.024390243902439025,0.03225806451612903,0.007867820613690006,1.6860952166666665,PRICE_OUTLIER
Tanner Arkin,NE,PIT,2026-09-20,fanatics,4000,3000.0,7,0.024390243902439025,0.03225806451612903,0.007867820613690006,1.0581373,PRICE_OUTLIER
DJ Moore,BUF,DET,2026-09-17,draftkings,155,150.0,8,0.3921568627450981,0.4,0.007843137254901933,2.248649383333333,OK
Calvin Ridley,TEN,PHI,2026-09-20,betrivers,1100,1000.0,7,0.08333333333333333,0.09090909090909091,0.007575757575757583,0.95919885,OK
Jaylen Wright,MIA,SF,2026-09-20,betmgm,1100,1000.0,8,0.08333333333333333,0.09090909090909091,0.007575757575757583,2.9501660000000003,OK
Seth McGowan,IND,KC,2026-09-20,fanduel,1100,1000.0,8,0.08333333333333333,0.09090909090909091,0.007575757575757583,3.2686915,OK
Simi Fehoko,ARI,SEA,2026-09-20,fanatics,3500,2750.0,8,0.027777777777777776,0.03508771929824561,0.007309941520467836,2.24694255,PRICE_OUTLIER
Drake London,ATL,CAR,2026-09-20,betrivers,165,160.0,8,0.37735849056603776,0.3846153846153846,0.007256894049346818,1.9671282166666666,OK
New England Patriots D/ST,,,2026-09-20,betmgm,500,475.0,4,0.16666666666666666,0.17391304347826086,0.007246376811594207,1.0581373,TEAM_UNKNOWN
Cleveland Browns D/ST,,,2026-09-20,draftkings,650,612.5,4,0.13333333333333333,0.14035087719298245,0.007017543859649117,1.5720328333333333,TEAM_UNKNOWN
Tay Martin,DET,BUF,2026-09-17,betmgm,3000,2450.0,8,0.03225806451612903,0.0392156862745098,0.006957621758380772,2.248649383333333,OK
David Martin-Robinson,TEN,PHI,2026-09-20,fanatics,4500,3400.0,3,0.021739130434782608,0.02857142857142857,0.0068322981366459624,0.95919885,PRICE_OUTLIER
Elijah Arroyo,SEA,ARI,2026-09-20,betrivers,900,837.5,8,0.1,0.10666666666666667,0.006666666666666668,2.24694255,OK
Detroit Lions D/ST,,,2026-09-17,bovada,800,750.0,4,0.1111111111111111,0.11764705882352941,0.006535947712418305,2.248649383333333,TEAM_UNKNOWN
Jacob Saylors,DET,BUF,2026-09-17,fanatics,2200,1900.0,8,0.043478260869565216,0.05,0.006521739130434787,2.248649383333333,OK
Ben VanSumeren,KC,IND,2026-09-20,fanatics,5000,3750.0,6,0.0196078431372549,0.025974025974025976,0.006366182836771074,3.2686915,PRICE_OUTLIER
Seydou Traore,MIA,SF,2026-09-20,bovada,5000,3750.0,8,0.0196078431372549,0.025974025974025976,0.006366182836771074,2.9501660000000003,PRICE_OUTLIER
British Brooks,HOU,CIN,2026-09-20,fanduel,3000,2500.0,7,0.03225806451612903,0.038461538461538464,0.006203473945409432,1.68743255,OK
E.J. Jenkins,PHI,TEN,2026-09-20,betrivers,3000,2500.0,3,0.03225806451612903,0.038461538461538464,0.006203473945409432,0.95919885,OK
Lil'Jordan Humphrey,DEN,JAX,2026-09-20,fanatics,3000,2500.0,5,0.03225806451612903,0.038461538461538464,0.006203473945409432,1.1109404666666667,OK
Nick Kallerup,SEA,ARI,2026-09-20,fanatics,3000,2500.0,7,0.03225806451612903,0.038461538461538464,0.006203473945409432,2.24694255,OK
Dallas Cowboys D/ST,,,2026-09-20,draftkings,550,525.0,3,0.15384615384615385,0.16,0.006153846153846149,2.2319162833333333,TEAM_UNKNOWN
Houston Texans D/ST,,,2026-09-20,draftkings,550,525.0,4,0.15384615384615385,0.16,0.006153846153846149,1.68743255,TEAM_UNKNOWN
Jacksonville Jaguars D/ST,,,2026-09-20,draftkings,550,525.0,3,0.15384615384615385,0.16,0.006153846153846149,1.7442738,TEAM_UNKNOWN
Ollie Gordon II,MIA,SF,2026-09-20,betmgm,1050,975.0,8,0.08695652173913043,0.09302325581395349,0.006066734074823055,2.9501660000000003,OK
Ladd McConkey,LAC,LV,2026-09-20,betmgm,175,170.5,4,0.36363636363636365,0.36968576709796674,0.006049403461603098,0.8456062333333333,OK
Kameron Johnson,TB,CLE,2026-09-20,bovada,1900,1700.0,7,0.05,0.05555555555555555,0.00555555555555555,1.5720328333333333,OK
Julius Chestnut,TEN,PHI,2026-09-20,fanatics,2200,1950.0,4,0.043478260869565216,0.04878048780487805,0.005302226935312834,0.95919885,OK
Josh Downs,IND,KC,2026-09-20,bovada,340,330.0,8,0.22727272727272727,0.23255813953488372,0.0052854122621564525,3.2686915,OK
AJ Dillon,CAR,ATL,2026-09-20,fanatics,900,850.0,5,0.1,0.10526315789473684,0.005263157894736831,1.9671282166666666,OK
Josh Cameron,JAX,DEN,2026-09-20,betmgm,1350,1250.0,8,0.06896551724137931,0.07407407407407407,0.005108556832694761,1.7442738,OK
Bam Knight,ARI,SEA,2026-09-20,fanatics,4000,3300.0,3,0.024390243902439025,0.029411764705882353,0.005021520803443327,2.24694255,OK
Brady Russell,SEA,ARI,2026-09-20,bovada,4000,3300.0,7,0.024390243902439025,0.029411764705882353,0.005021520803443327,2.24694255,OK
Brevin Jordan,HOU,CIN,2026-09-20,betrivers,2500,2200.0,7,0.038461538461538464,0.043478260869565216,0.0050167224080267525,1.68743255,OK
Kevin Austin,NO,BAL,2026-09-20,bovada,2500,2200.0,6,0.038461538461538464,0.043478260869565216,0.0050167224080267525,0.8682415833333333,OK
Tennessee Titans D/ST,,,2026-09-20,betmgm,625,600.0,3,0.13793103448275862,0.14285714285714285,0.0049261083743842304,0.95919885,TEAM_UNKNOWN
KhaDarel Hodge,SF,MIA,2026-09-20,fanatics,5000,4000.0,7,0.0196078431372549,0.024390243902439025,0.0047824007651841235,2.9501660000000003,OK
Indianapolis Colts D/ST,,,2026-09-20,draftkings,650,625.0,4,0.13333333333333333,0.13793103448275862,0.004597701149425287,1.3186915,TEAM_UNKNOWN
Elijah Higgins,ARI,SEA,2026-09-20,betmgm,1500,1400.0,8,0.0625,0.06666666666666667,0.004166666666666666,2.24694255,OK
Nate Adkins,DEN,JAX,2026-09-20,betmgm,2200,2000.0,8,0.043478260869565216,0.047619047619047616,0.0041407867494824,1.7442738,OK
Skyler Bell,BUF,DET,2026-09-17,draftkings,2800,2500.0,7,0.034482758620689655,0.038461538461538464,0.003978779840848809,2.248649383333333,OK
Mitchell Evans,CAR,ATL,2026-09-20,fanatics,1050,1000.0,7,0.08695652173913043,0.09090909090909091,0.003952569169960479,1.9671282166666666,OK
Greg Dortch,BUF,DET,2026-09-17,betrivers,1600,1500.0,3,0.058823529411764705,0.0625,0.003676470588235295,2.248649383333333,OK
Justin Joly,MIA,SF,2026-09-20,bovada,4000,3500.0,5,0.024390243902439025,0.027777777777777776,0.003387533875338751,2.9501660000000003,OK
Robert Tonyan,PIT,NE,2026-09-20,bovada,4000,3500.0,8,0.024390243902439025,0.027777777777777776,0.003387533875338751,1.0581373,OK
Eric Saubert,SEA,ARI,2026-09-20,betmgm,2800,2600.0,8,0.034482758620689655,0.037037037037037035,0.0025542784163473803,2.24694255,OK
New Orleans Saints D/ST,,,2026-09-20,draftkings,650,637.5,4,0.13333333333333333,0.13559322033898305,0.002259887005649719,0.8182415833333334,TEAM_UNKNOWN
Marlin Klein,HOU,CIN,2026-09-20,betmgm,2200,2100.0,8,0.043478260869565216,0.045454545454545456,0.0019762845849802396,1.68743255,OK
Chris Blair,ATL,CAR,2026-09-20,betmgm,3500,3300.0,5,0.027777777777777776,0.029411764705882353,0.0016339869281045763,1.10046155,OK
Baltimore Ravens D/ST,,,2026-09-20,draftkings,475,475.0,3,0.17391304347826086,0.17391304347826086,0.0,0.8182415833333334,TEAM_UNKNOWN
Reggie Gilliam,NE,PIT,2026-09-20,betrivers,3000,3000.0,7,0.03225806451612903,0.03225806451612903,0.0,1.0581373,OK
Adam Prentice,DEN,JAX,2026-09-20,betrivers,2200,,2,0.043478260869565216,,,0.027607133333333332,INSUFFICIENT_MARKET
Arizona Cardinals D/ST,,,2026-09-20,betmgm,625,,2,0.13793103448275862,,,0.8136092166666666,INSUFFICIENT_MARKET|TEAM_UNKNOWN
Arizona Cardinals Defense,,,2026-09-20,fanduel,650,,1,0.13333333333333333,,,0.74694255,INSUFFICIENT_MARKET|TEAM_UNKNOWN
Atlanta Falcons Defense,,,2026-09-20,fanduel,550,,1,0.15384615384615385,,,0.4337948833333333,INSUFFICIENT_MARKET|TEAM_UNKNOWN
Baltimore Ravens Defense,,,2026-09-20,fanduel,800,,1,0.1111111111111111,,,0.2682415833333333,INSUFFICIENT_MARKET|TEAM_UNKNOWN
Britain Covey,PHI,TEN,2026-09-20,fanatics,4000,,2,0.024390243902439025,,,0.95919885,INSUFFICIENT_MARKET
Brock Bowers,LV,LAC,2026-09-20,fanatics,250,,1,0.2857142857142857,,,0.7622728999999999,INSUFFICIENT_MARKET
Buffalo Bills Defense,,,2026-09-17,fanduel,750,,1,0.11764705882352941,,,0.46531605000000004,INSUFFICIENT_MARKET|TEAM_UNKNOWN
CJ Donaldson,NO,BAL,2026-09-20,betrivers,2200,,1,0.043478260869565216,,,0.8682415833333333,INSUFFICIENT_MARKET
Carolina Panthers Defense,,,2026-09-20,fanduel,750,,1,0.11764705882352941,,,0.4337948833333333,INSUFFICIENT_MARKET|TEAM_UNKNOWN
Chicago Bears Defense,,,2026-09-20,fanduel,700,,1,0.125,,,0.48609521666666666,INSUFFICIENT_MARKET|TEAM_UNKNOWN
Cincinnati Bengals Defense,,,2026-09-20,fanduel,700,,1,0.125,,,0.5540992166666666,INSUFFICIENT_MARKET|TEAM_UNKNOWN
Cleveland Browns Defense,,,2026-09-20,fanduel,700,,1,0.125,,,0.22203283333333335,INSUFFICIENT_MARKET|TEAM_UNKNOWN
Cody White,LV,LAC,2026-09-20,betrivers,1700,,1,0.05555555555555555,,,0.3622729,INSUFFICIENT_MARKET
Cooper Rush,ATL,CAR,2026-09-20,betrivers,950,,1,0.09523809523809523,,,0.80046155,INSUFFICIENT_MARKET
Dallas Cowboys Defense,,,2026-09-20,fanduel,800,,1,0.1111111111111111,,,0.44858295,INSUFFICIENT_MARKET|TEAM_UNKNOWN
Denver Broncos D/ST,,,2026-09-20,draftkings,500,,2,0.16666666666666666,,,1.7442738,INSUFFICIENT_MARKET|TEAM_UNKNOWN
Denver Broncos Defense,,,2026-09-20,fanduel,750,,1,0.11764705882352941,,,0.7942737999999999,INSUFFICIENT_MARKET|TEAM_UNKNOWN
Detroit Lions Defense,,,2026-09-17,fanduel,750,,1,0.11764705882352941,,,0.46531605000000004,INSUFFICIENT_MARKET|TEAM_UNKNOWN
Elijah Moore,PHI,TEN,2026-09-20,fanatics,2200,,1,0.043478260869565216,,,0.95919885,INSUFFICIENT_MARKET
Elijah Sarratt,BAL,NO,2026-09-20,betrivers,700,,2,0.125,,,0.8682415833333333,INSUFFICIENT_MARKET
Green Bay Packers D/ST,,,2026-09-20,betmgm,500,,2,0.16666666666666666,,,1.1900309166666667,INSUFFICIENT_MARKET|TEAM_UNKNOWN
Green Bay Packers Defense,,,2026-09-20,fanduel,700,,1,0.125,,,1.6733642499999999,INSUFFICIENT_MARKET|TEAM_UNKNOWN
Hollywood Brown,,,2026-09-20,betonlineag,1100,,1,0.08333333333333333,,,0.22586551666666665,INSUFFICIENT_MARKET|TEAM_UNKNOWN
Houston Texans Defense,,,2026-09-20,fanduel,700,,1,0.125,,,0.5540992166666666,INSUFFICIENT_MARKET|TEAM_UNKNOWN
Indianapolis Colts Defense,,,2026-09-20,fanduel,700,,1,0.125,,,0.8520248333333333,INSUFFICIENT_MARKET|TEAM_UNKNOWN
Jack Endries,CIN,HOU,2026-09-20,fanatics,4000,,1,0.024390243902439025,,,0.12076588333333334,INSUFFICIENT_MARKET
Jacksonville Jaguars Defense,,,2026-09-20,fanduel,700,,1,0.125,,,0.7942737999999999,INSUFFICIENT_MARKET|TEAM_UNKNOWN
Kansas City Chiefs Defense,,,2026-09-20,fanduel,850,,1,0.10526315789473684,,,0.8520248333333333,INSUFFICIENT_MARKET|TEAM_UNKNOWN
Kene Nwangwu,NYJ,GB,2026-09-20,fanatics,2800,,2,0.034482758620689655,,,0.15669758333333333,INSUFFICIENT_MARKET
Las Vegas Raiders D/ST,,,2026-09-20,fanatics,650,,1,0.13333333333333333,,,0.7622728999999999,INSUFFICIENT_MARKET|TEAM_UNKNOWN
Las Vegas Raiders Defense,,,2026-09-20,fanduel,700,,1,0.125,,,0.5122729,INSUFFICIENT_MARKET|TEAM_UNKNOWN
Los Angeles Chargers D/ST,,,2026-09-20,fanatics,420,,1,0.1923076923076923,,,0.7622728999999999,INSUFFICIENT_MARKET|TEAM_UNKNOWN
Los Angeles Chargers Defense,,,2026-09-20,fanduel,850,,1,0.10526315789473684,,,0.5122729,INSUFFICIENT_MARKET|TEAM_UNKNOWN
Miami Dolphins Defense,,,2026-09-20,fanduel,550,,1,0.15384615384615385,,,0.2834993333333333,INSUFFICIENT_MARKET|TEAM_UNKNOWN
Minnesota Vikings Defense,,,2026-09-20,fanduel,800,,1,0.1111111111111111,,,0.48609521666666666,INSUFFICIENT_MARKET|TEAM_UNKNOWN
New England Patriots Defense,,,2026-09-20,fanduel,750,,1,0.11764705882352941,,,0.14147063333333335,INSUFFICIENT_MARKET|TEAM_UNKNOWN
New Orleans Saints Defense,,,2026-09-20,fanduel,700,,1,0.125,,,0.2682415833333333,INSUFFICIENT_MARKET|TEAM_UNKNOWN
New York Jets D/ST,,,2026-09-20,fanatics,650,,2,0.13333333333333333,,,1.1900309166666667,INSUFFICIENT_MARKET|TEAM_UNKNOWN
New York Jets Defense,,,2026-09-20,fanduel,800,,1,0.1111111111111111,,,1.6733642499999999,INSUFFICIENT_MARKET|TEAM_UNKNOWN
Nicholas Singleton,TEN,PHI,2026-09-20,fanatics,2800,,1,0.034482758620689655,,,0.95919885,INSUFFICIENT_MARKET
No Scorer,,,2026-09-17,fanatics,10000,,1,0.009900990099009901,,,0.3986493833333334,INSUFFICIENT_MARKET|TEAM_UNKNOWN
No Scorer,,,2026-09-20,fanatics,6000,,1,0.01639344262295082,,,0.9171282166666667,INSUFFICIENT_MARKET|TEAM_UNKNOWN
No Scorer,,,2026-09-20,fanatics,8000,,1,0.012345679012345678,,,0.73490825,INSUFFICIENT_MARKET|TEAM_UNKNOWN
No Scorer,,,2026-09-20,fanatics,8000,,1,0.012345679012345678,,,0.16942855,INSUFFICIENT_MARKET|TEAM_UNKNOWN
No Scorer,,,2026-09-20,fanatics,5000,,1,0.0196078431372549,,,0.12076588333333334,INSUFFICIENT_MARKET|TEAM_UNKNOWN
No Scorer,,,2026-09-20,fanatics,4000,,1,0.024390243902439025,,,1.5720328333333333,INSUFFICIENT_MARKET|TEAM_UNKNOWN
No Scorer,,,2026-09-20,fanatics,5000,,1,0.0196078431372549,,,0.15669758333333333,INSUFFICIENT_MARKET|TEAM_UNKNOWN
No Scorer,,,2026-09-20,fanatics,4000,,1,0.024390243902439025,,,0.4414706333333333,INSUFFICIENT_MARKET|TEAM_UNKNOWN
No Scorer,,,2026-09-20,fanatics,3500,,1,0.027777777777777776,,,0.95919885,INSUFFICIENT_MARKET|TEAM_UNKNOWN
No Scorer,,,2026-09-20,fanatics,4500,,1,0.021739130434782608,,,0.7442738,INSUFFICIENT_MARKET|TEAM_UNKNOWN
No Scorer,,,2026-09-20,fanatics,5000,,1,0.0196078431372549,,,0.7622728999999999,INSUFFICIENT_MARKET|TEAM_UNKNOWN
No Scorer,,,2026-09-20,fanatics,3500,,1,0.027777777777777776,,,0.11360921666666667,INSUFFICIENT_MARKET|TEAM_UNKNOWN
No Scorer,,,2026-09-20,fanatics,10000,,1,0.009900990099009901,,,0.7652496166666667,INSUFFICIENT_MARKET|TEAM_UNKNOWN
No Scorer,,,2026-09-20,fanatics,10000,,1,0.009900990099009901,,,0.16683266666666666,INSUFFICIENT_MARKET|TEAM_UNKNOWN
No Scorer,,,2026-09-20,fanatics,7000,,1,0.014084507042253521,,,1.3186915,INSUFFICIENT_MARKET|TEAM_UNKNOWN
Omar Cooper Jr.,NYJ,GB,2026-09-20,betrivers,850,,2,0.10526315789473684,,,0.15669758333333333,INSUFFICIENT_MARKET
Philadelphia Eagles Defense,,,2026-09-20,fanduel,750,,1,0.11764705882352941,,,0.8425321833333334,INSUFFICIENT_MARKET|TEAM_UNKNOWN
Pittsburgh Steelers Defense,,,2026-09-20,fanduel,700,,1,0.125,,,0.14147063333333335,INSUFFICIENT_MARKET|TEAM_UNKNOWN
San Francisco 49ers Defense,,,2026-09-20,fanduel,750,,1,0.11764705882352941,,,0.2834993333333333,INSUFFICIENT_MARKET|TEAM_UNKNOWN
Seattle Seahawks D/ST,,,2026-09-20,betmgm,500,,2,0.16666666666666666,,,0.8136092166666666,INSUFFICIENT_MARKET|TEAM_UNKNOWN
Seattle Seahawks Defense,,,2026-09-20,fanduel,800,,1,0.1111111111111111,,,0.74694255,INSUFFICIENT_MARKET|TEAM_UNKNOWN
Tampa Bay Buccaneers Defense,,,2026-09-20,fanduel,700,,1,0.125,,,0.22203283333333335,INSUFFICIENT_MARKET|TEAM_UNKNOWN
Tennessee Titans Defense,,,2026-09-20,fanduel,1000,,1,0.09090909090909091,,,0.8425321833333334,INSUFFICIENT_MARKET|TEAM_UNKNOWN
Treyton Welch,NO,BAL,2026-09-20,betrivers,3000,,2,0.03225806451612903,,,0.8682415833333333,INSUFFICIENT_MARKET
Washington Commanders Defense,,,2026-09-20,fanduel,750,,1,0.11764705882352941,,,0.44858295,INSUFFICIENT_MARKET|TEAM_UNKNOWN
