season,window,feature_family,present,missing,coverage_pct
2017,last3,carries,7008,0,100.0
2017,last5,carries,7008,0,100.0
2017,last8,carries,7008,0,100.0
2017,season,carries,7008,0,100.0
2017,ewma,carries,7008,0,100.0
2017,last3,targets,7008,0,100.0
2017,last5,targets,7008,0,100.0
2017,last8,targets,7008,0,100.0
2017,season,targets,7008,0,100.0
2017,ewma,targets,7008,0,100.0
2017,last3,touches,7008,0,100.0
2017,last5,touches,7008,0,100.0
2017,last8,touches,7008,0,100.0
2017,season,touches,7008,0,100.0
2017,ewma,touches,7008,0,100.0
2017,last3,carry_share,7008,0,100.0
2017,last5,carry_share,7008,0,100.0
2017,last8,carry_share,7008,0,100.0
2017,season,carry_share,7008,0,100.0
2017,ewma,carry_share,7008,0,100.0
2017,last3,target_share,7008,0,100.0
2017,last5,target_share,7008,0,100.0
2017,last8,target_share,7008,0,100.0
2017,season,target_share,7008,0,100.0
2017,ewma,target_share,7008,0,100.0
2017,last3,touch_share,7008,0,100.0
2017,last5,touch_share,7008,0,100.0
2017,last8,touch_share,7008,0,100.0
2017,season,touch_share,7008,0,100.0
2017,ewma,touch_share,7008,0,100.0
2017,last3,snaps,7003,5,99.93
2017,last5,snaps,7003,5,99.93
2017,last8,snaps,7003,5,99.93
2017,season,snaps,7003,5,99.93
2017,ewma,snaps,7003,5,99.93
2017,last3,snap_share,7003,5,99.93
2017,last5,snap_share,7003,5,99.93
2017,last8,snap_share,7003,5,99.93
2017,season,snap_share,7003,5,99.93
2017,ewma,snap_share,7003,5,99.93
2017,last3,red_zone_carries,7008,0,100.0
2017,last5,red_zone_carries,7008,0,100.0
2017,last8,red_zone_carries,7008,0,100.0
2017,season,red_zone_carries,7008,0,100.0
2017,ewma,red_zone_carries,7008,0,100.0
2017,last3,inside_10_carries,7008,0,100.0
2017,last5,inside_10_carries,7008,0,100.0
2017,last8,inside_10_carries,7008,0,100.0
2017,season,inside_10_carries,7008,0,100.0
2017,ewma,inside_10_carries,7008,0,100.0
2017,last3,inside_5_carries,7008,0,100.0
2017,last5,inside_5_carries,7008,0,100.0
2017,last8,inside_5_carries,7008,0,100.0
2017,season,inside_5_carries,7008,0,100.0
2017,ewma,inside_5_carries,7008,0,100.0
2017,last3,goal_line_opportunities,7008,0,100.0
2017,last5,goal_line_opportunities,7008,0,100.0
2017,last8,goal_line_opportunities,7008,0,100.0
2017,season,goal_line_opportunities,7008,0,100.0
2017,ewma,goal_line_opportunities,7008,0,100.0
2017,last3,goal_line_opportunity_share,6620,388,94.46
2017,last5,goal_line_opportunity_share,6701,307,95.62
2017,last8,goal_line_opportunity_share,6701,307,95.62
2017,season,goal_line_opportunity_share,6701,307,95.62
2017,ewma,goal_line_opportunity_share,6701,307,95.62
2017,last3,red_zone_targets,7008,0,100.0
2017,last5,red_zone_targets,7008,0,100.0
2017,last8,red_zone_targets,7008,0,100.0
2017,season,red_zone_targets,7008,0,100.0
2017,ewma,red_zone_targets,7008,0,100.0
2017,last3,red_zone_target_share,6968,40,99.43
2017,last5,red_zone_target_share,6968,40,99.43
2017,last8,red_zone_target_share,6968,40,99.43
2017,season,red_zone_target_share,6968,40,99.43
2017,ewma,red_zone_target_share,6968,40,99.43
2017,last3,end_zone_targets,7005,3,99.96
2017,last5,end_zone_targets,7003,5,99.93
2017,last8,end_zone_targets,7003,5,99.93
2017,season,end_zone_targets,7003,5,99.93
2017,ewma,end_zone_targets,7003,5,99.93
2017,last3,end_zone_target_share,6819,189,97.3
2017,last5,end_zone_target_share,6804,204,97.09
2017,last8,end_zone_target_share,6804,204,97.09
2017,season,end_zone_target_share,6804,204,97.09
2017,ewma,end_zone_target_share,6804,204,97.09
2017,last3,team_offensive_context,7008,0,100.0
2017,last5,team_offensive_context,7008,0,100.0
2017,last8,team_offensive_context,7008,0,100.0
2017,season,team_offensive_context,7008,0,100.0
2017,ewma,team_offensive_context,7008,0,100.0
2017,last3,opponent_context,6773,235,96.65
2017,last5,opponent_context,6773,235,96.65
2017,last8,opponent_context,6773,235,96.65
2017,season,opponent_context,6773,235,96.65
2017,ewma,opponent_context,6773,235,96.65
2017,last3,route_participation,0,7008,0.0
2017,last5,route_participation,0,7008,0.0
2017,last8,route_participation,0,7008,0.0
2017,season,route_participation,0,7008,0.0
2017,ewma,route_participation,0,7008,0.0
2018,last3,carries,7230,0,100.0
2018,last5,carries,7230,0,100.0
2018,last8,carries,7230,0,100.0
2018,season,carries,7230,0,100.0
2018,ewma,carries,7230,0,100.0
2018,last3,targets,7230,0,100.0
2018,last5,targets,7230,0,100.0
2018,last8,targets,7230,0,100.0
2018,season,targets,7230,0,100.0
2018,ewma,targets,7230,0,100.0
2018,last3,touches,7230,0,100.0
2018,last5,touches,7230,0,100.0
2018,last8,touches,7230,0,100.0
2018,season,touches,7230,0,100.0
2018,ewma,touches,7230,0,100.0
2018,last3,carry_share,7230,0,100.0
2018,last5,carry_share,7230,0,100.0
2018,last8,carry_share,7230,0,100.0
2018,season,carry_share,7230,0,100.0
2018,ewma,carry_share,7230,0,100.0
2018,last3,target_share,7230,0,100.0
2018,last5,target_share,7230,0,100.0
2018,last8,target_share,7230,0,100.0
2018,season,target_share,7230,0,100.0
2018,ewma,target_share,7230,0,100.0
2018,last3,touch_share,7230,0,100.0
2018,last5,touch_share,7230,0,100.0
2018,last8,touch_share,7230,0,100.0
2018,season,touch_share,7230,0,100.0
2018,ewma,touch_share,7230,0,100.0
2018,last3,snaps,7230,0,100.0
2018,last5,snaps,7230,0,100.0
2018,last8,snaps,7230,0,100.0
2018,season,snaps,7230,0,100.0
2018,ewma,snaps,7230,0,100.0
2018,last3,snap_share,7230,0,100.0
2018,last5,snap_share,7230,0,100.0
2018,last8,snap_share,7230,0,100.0
2018,season,snap_share,7230,0,100.0
2018,ewma,snap_share,7230,0,100.0
2018,last3,red_zone_carries,7230,0,100.0
2018,last5,red_zone_carries,7230,0,100.0
2018,last8,red_zone_carries,7230,0,100.0
2018,season,red_zone_carries,7230,0,100.0
2018,ewma,red_zone_carries,7230,0,100.0
2018,last3,inside_10_carries,7230,0,100.0
2018,last5,inside_10_carries,7230,0,100.0
2018,last8,inside_10_carries,7230,0,100.0
2018,season,inside_10_carries,7230,0,100.0
2018,ewma,inside_10_carries,7230,0,100.0
2018,last3,inside_5_carries,7230,0,100.0
2018,last5,inside_5_carries,7230,0,100.0
2018,last8,inside_5_carries,7230,0,100.0
2018,season,inside_5_carries,7230,0,100.0
2018,ewma,inside_5_carries,7230,0,100.0
2018,last3,goal_line_opportunities,7230,0,100.0
2018,last5,goal_line_opportunities,7230,0,100.0
2018,last8,goal_line_opportunities,7230,0,100.0
2018,season,goal_line_opportunities,7230,0,100.0
2018,ewma,goal_line_opportunities,7230,0,100.0
2018,last3,goal_line_opportunity_share,6769,461,93.62
2018,last5,goal_line_opportunity_share,6888,342,95.27
2018,last8,goal_line_opportunity_share,6902,328,95.46
2018,season,goal_line_opportunity_share,6902,328,95.46
2018,ewma,goal_line_opportunity_share,6902,328,95.46
2018,last3,red_zone_targets,7230,0,100.0
2018,last5,red_zone_targets,7230,0,100.0
2018,last8,red_zone_targets,7230,0,100.0
2018,season,red_zone_targets,7230,0,100.0
2018,ewma,red_zone_targets,7230,0,100.0
2018,last3,red_zone_target_share,7194,36,99.5
2018,last5,red_zone_target_share,7194,36,99.5
2018,last8,red_zone_target_share,7194,36,99.5
2018,season,red_zone_target_share,7194,36,99.5
2018,ewma,red_zone_target_share,7194,36,99.5
2018,last3,end_zone_targets,7230,0,100.0
2018,last5,end_zone_targets,7230,0,100.0
2018,last8,end_zone_targets,7230,0,100.0
2018,season,end_zone_targets,7230,0,100.0
2018,ewma,end_zone_targets,7230,0,100.0
2018,last3,end_zone_target_share,7100,130,98.2
2018,last5,end_zone_target_share,7129,101,98.6
2018,last8,end_zone_target_share,7130,100,98.62
2018,season,end_zone_target_share,7130,100,98.62
2018,ewma,end_zone_target_share,7130,100,98.62
2018,last3,team_offensive_context,7230,0,100.0
2018,last5,team_offensive_context,7230,0,100.0
2018,last8,team_offensive_context,7230,0,100.0
2018,season,team_offensive_context,7230,0,100.0
2018,ewma,team_offensive_context,7230,0,100.0
2018,last3,opponent_context,7012,218,96.98
2018,last5,opponent_context,7012,218,96.98
2018,last8,opponent_context,7012,218,96.98
2018,season,opponent_context,7012,218,96.98
2018,ewma,opponent_context,7012,218,96.98
2018,last3,route_participation,0,7230,0.0
2018,last5,route_participation,0,7230,0.0
2018,last8,route_participation,0,7230,0.0
2018,season,route_participation,0,7230,0.0
2018,ewma,route_participation,0,7230,0.0
2019,last3,carries,7121,0,100.0
2019,last5,carries,7121,0,100.0
2019,last8,carries,7121,0,100.0
2019,season,carries,7121,0,100.0
2019,ewma,carries,7121,0,100.0
2019,last3,targets,7121,0,100.0
2019,last5,targets,7121,0,100.0
2019,last8,targets,7121,0,100.0
2019,season,targets,7121,0,100.0
2019,ewma,targets,7121,0,100.0
2019,last3,touches,7121,0,100.0
2019,last5,touches,7121,0,100.0
2019,last8,touches,7121,0,100.0
2019,season,touches,7121,0,100.0
2019,ewma,touches,7121,0,100.0
2019,last3,carry_share,7121,0,100.0
2019,last5,carry_share,7121,0,100.0
2019,last8,carry_share,7121,0,100.0
2019,season,carry_share,7121,0,100.0
2019,ewma,carry_share,7121,0,100.0
2019,last3,target_share,7121,0,100.0
2019,last5,target_share,7121,0,100.0
2019,last8,target_share,7121,0,100.0
2019,season,target_share,7121,0,100.0
2019,ewma,target_share,7121,0,100.0
2019,last3,touch_share,7121,0,100.0
2019,last5,touch_share,7121,0,100.0
2019,last8,touch_share,7121,0,100.0
2019,season,touch_share,7121,0,100.0
2019,ewma,touch_share,7121,0,100.0
2019,last3,snaps,7109,12,99.83
2019,last5,snaps,7109,12,99.83
2019,last8,snaps,7109,12,99.83
2019,season,snaps,7109,12,99.83
2019,ewma,snaps,7109,12,99.83
2019,last3,snap_share,7109,12,99.83
2019,last5,snap_share,7109,12,99.83
2019,last8,snap_share,7109,12,99.83
2019,season,snap_share,7109,12,99.83
2019,ewma,snap_share,7109,12,99.83
2019,last3,red_zone_carries,7121,0,100.0
2019,last5,red_zone_carries,7121,0,100.0
2019,last8,red_zone_carries,7121,0,100.0
2019,season,red_zone_carries,7121,0,100.0
2019,ewma,red_zone_carries,7121,0,100.0
2019,last3,inside_10_carries,7121,0,100.0
2019,last5,inside_10_carries,7121,0,100.0
2019,last8,inside_10_carries,7121,0,100.0
2019,season,inside_10_carries,7121,0,100.0
2019,ewma,inside_10_carries,7121,0,100.0
2019,last3,inside_5_carries,7121,0,100.0
2019,last5,inside_5_carries,7121,0,100.0
2019,last8,inside_5_carries,7121,0,100.0
2019,season,inside_5_carries,7121,0,100.0
2019,ewma,inside_5_carries,7121,0,100.0
2019,last3,goal_line_opportunities,7121,0,100.0
2019,last5,goal_line_opportunities,7121,0,100.0
2019,last8,goal_line_opportunities,7121,0,100.0
2019,season,goal_line_opportunities,7121,0,100.0
2019,ewma,goal_line_opportunities,7121,0,100.0
2019,last3,goal_line_opportunity_share,6642,479,93.27
2019,last5,goal_line_opportunity_share,6666,455,93.61
2019,last8,goal_line_opportunity_share,6666,455,93.61
2019,season,goal_line_opportunity_share,6666,455,93.61
2019,ewma,goal_line_opportunity_share,6666,455,93.61
2019,last3,red_zone_targets,7121,0,100.0
2019,last5,red_zone_targets,7121,0,100.0
2019,last8,red_zone_targets,7121,0,100.0
2019,season,red_zone_targets,7121,0,100.0
2019,ewma,red_zone_targets,7121,0,100.0
2019,last3,red_zone_target_share,7034,87,98.78
2019,last5,red_zone_target_share,7035,86,98.79
2019,last8,red_zone_target_share,7035,86,98.79
2019,season,red_zone_target_share,7035,86,98.79
2019,ewma,red_zone_target_share,7035,86,98.79
2019,last3,end_zone_targets,7112,9,99.87
2019,last5,end_zone_targets,7110,11,99.85
2019,last8,end_zone_targets,7108,13,99.82
2019,season,end_zone_targets,7108,13,99.82
2019,ewma,end_zone_targets,7108,13,99.82
2019,last3,end_zone_target_share,6853,268,96.24
2019,last5,end_zone_target_share,6853,268,96.24
2019,last8,end_zone_target_share,6820,301,95.77
2019,season,end_zone_target_share,6796,325,95.44
2019,ewma,end_zone_target_share,6796,325,95.44
2019,last3,team_offensive_context,7121,0,100.0
2019,last5,team_offensive_context,7121,0,100.0
2019,last8,team_offensive_context,7121,0,100.0
2019,season,team_offensive_context,7121,0,100.0
2019,ewma,team_offensive_context,7121,0,100.0
2019,last3,opponent_context,6889,232,96.74
2019,last5,opponent_context,6889,232,96.74
2019,last8,opponent_context,6889,232,96.74
2019,season,opponent_context,6889,232,96.74
2019,ewma,opponent_context,6889,232,96.74
2019,last3,route_participation,0,7121,0.0
2019,last5,route_participation,0,7121,0.0
2019,last8,route_participation,0,7121,0.0
2019,season,route_participation,0,7121,0.0
2019,ewma,route_participation,0,7121,0.0
2020,last3,carries,7642,0,100.0
2020,last5,carries,7642,0,100.0
2020,last8,carries,7642,0,100.0
2020,season,carries,7642,0,100.0
2020,ewma,carries,7642,0,100.0
2020,last3,targets,7642,0,100.0
2020,last5,targets,7642,0,100.0
2020,last8,targets,7642,0,100.0
2020,season,targets,7642,0,100.0
2020,ewma,targets,7642,0,100.0
2020,last3,touches,7642,0,100.0
2020,last5,touches,7642,0,100.0
2020,last8,touches,7642,0,100.0
2020,season,touches,7642,0,100.0
2020,ewma,touches,7642,0,100.0
2020,last3,carry_share,7642,0,100.0
2020,last5,carry_share,7642,0,100.0
2020,last8,carry_share,7642,0,100.0
2020,season,carry_share,7642,0,100.0
2020,ewma,carry_share,7642,0,100.0
2020,last3,target_share,7642,0,100.0
2020,last5,target_share,7642,0,100.0
2020,last8,target_share,7642,0,100.0
2020,season,target_share,7642,0,100.0
2020,ewma,target_share,7642,0,100.0
2020,last3,touch_share,7642,0,100.0
2020,last5,touch_share,7642,0,100.0
2020,last8,touch_share,7642,0,100.0
2020,season,touch_share,7642,0,100.0
2020,ewma,touch_share,7642,0,100.0
2020,last3,snaps,7642,0,100.0
2020,last5,snaps,7642,0,100.0
2020,last8,snaps,7642,0,100.0
2020,season,snaps,7642,0,100.0
2020,ewma,snaps,7642,0,100.0
2020,last3,snap_share,7642,0,100.0
2020,last5,snap_share,7642,0,100.0
2020,last8,snap_share,7642,0,100.0
2020,season,snap_share,7642,0,100.0
2020,ewma,snap_share,7642,0,100.0
2020,last3,red_zone_carries,7642,0,100.0
2020,last5,red_zone_carries,7642,0,100.0
2020,last8,red_zone_carries,7642,0,100.0
2020,season,red_zone_carries,7642,0,100.0
2020,ewma,red_zone_carries,7642,0,100.0
2020,last3,inside_10_carries,7642,0,100.0
2020,last5,inside_10_carries,7642,0,100.0
2020,last8,inside_10_carries,7642,0,100.0
2020,season,inside_10_carries,7642,0,100.0
2020,ewma,inside_10_carries,7642,0,100.0
2020,last3,inside_5_carries,7642,0,100.0
2020,last5,inside_5_carries,7642,0,100.0
2020,last8,inside_5_carries,7642,0,100.0
2020,season,inside_5_carries,7642,0,100.0
2020,ewma,inside_5_carries,7642,0,100.0
2020,last3,goal_line_opportunities,7642,0,100.0
2020,last5,goal_line_opportunities,7642,0,100.0
2020,last8,goal_line_opportunities,7642,0,100.0
2020,season,goal_line_opportunities,7642,0,100.0
2020,ewma,goal_line_opportunities,7642,0,100.0
2020,last3,goal_line_opportunity_share,7327,315,95.88
2020,last5,goal_line_opportunity_share,7362,280,96.34
2020,last8,goal_line_opportunity_share,7370,272,96.44
2020,season,goal_line_opportunity_share,7370,272,96.44
2020,ewma,goal_line_opportunity_share,7370,272,96.44
2020,last3,red_zone_targets,7642,0,100.0
2020,last5,red_zone_targets,7642,0,100.0
2020,last8,red_zone_targets,7642,0,100.0
2020,season,red_zone_targets,7642,0,100.0
2020,ewma,red_zone_targets,7642,0,100.0
2020,last3,red_zone_target_share,7606,36,99.53
2020,last5,red_zone_target_share,7606,36,99.53
2020,last8,red_zone_target_share,7606,36,99.53
2020,season,red_zone_target_share,7606,36,99.53
2020,ewma,red_zone_target_share,7606,36,99.53
2020,last3,end_zone_targets,7639,3,99.96
2020,last5,end_zone_targets,7629,13,99.83
2020,last8,end_zone_targets,7629,13,99.83
2020,season,end_zone_targets,7629,13,99.83
2020,ewma,end_zone_targets,7629,13,99.83
2020,last3,end_zone_target_share,7323,319,95.83
2020,last5,end_zone_target_share,7338,304,96.02
2020,last8,end_zone_target_share,7316,326,95.73
2020,season,end_zone_target_share,7289,353,95.38
2020,ewma,end_zone_target_share,7289,353,95.38
2020,last3,team_offensive_context,7642,0,100.0
2020,last5,team_offensive_context,7642,0,100.0
2020,last8,team_offensive_context,7642,0,100.0
2020,season,team_offensive_context,7642,0,100.0
2020,ewma,team_offensive_context,7642,0,100.0
2020,last3,opponent_context,7642,0,100.0
2020,last5,opponent_context,7642,0,100.0
2020,last8,opponent_context,7642,0,100.0
2020,season,opponent_context,7642,0,100.0
2020,ewma,opponent_context,7642,0,100.0
2020,last3,route_participation,0,7642,0.0
2020,last5,route_participation,0,7642,0.0
2020,last8,route_participation,0,7642,0.0
2020,season,route_participation,0,7642,0.0
2020,ewma,route_participation,0,7642,0.0
2021,last3,carries,8487,0,100.0
2021,last5,carries,8487,0,100.0
2021,last8,carries,8487,0,100.0
2021,season,carries,8487,0,100.0
2021,ewma,carries,8487,0,100.0
2021,last3,targets,8487,0,100.0
2021,last5,targets,8487,0,100.0
2021,last8,targets,8487,0,100.0
2021,season,targets,8487,0,100.0
2021,ewma,targets,8487,0,100.0
2021,last3,touches,8487,0,100.0
2021,last5,touches,8487,0,100.0
2021,last8,touches,8487,0,100.0
2021,season,touches,8487,0,100.0
2021,ewma,touches,8487,0,100.0
2021,last3,carry_share,8487,0,100.0
2021,last5,carry_share,8487,0,100.0
2021,last8,carry_share,8487,0,100.0
2021,season,carry_share,8487,0,100.0
2021,ewma,carry_share,8487,0,100.0
2021,last3,target_share,8487,0,100.0
2021,last5,target_share,8487,0,100.0
2021,last8,target_share,8487,0,100.0
2021,season,target_share,8487,0,100.0
2021,ewma,target_share,8487,0,100.0
2021,last3,touch_share,8487,0,100.0
2021,last5,touch_share,8487,0,100.0
2021,last8,touch_share,8487,0,100.0
2021,season,touch_share,8487,0,100.0
2021,ewma,touch_share,8487,0,100.0
2021,last3,snaps,8473,14,99.84
2021,last5,snaps,8473,14,99.84
2021,last8,snaps,8473,14,99.84
2021,season,snaps,8473,14,99.84
2021,ewma,snaps,8473,14,99.84
2021,last3,snap_share,8473,14,99.84
2021,last5,snap_share,8473,14,99.84
2021,last8,snap_share,8473,14,99.84
2021,season,snap_share,8473,14,99.84
2021,ewma,snap_share,8473,14,99.84
2021,last3,red_zone_carries,8487,0,100.0
2021,last5,red_zone_carries,8487,0,100.0
2021,last8,red_zone_carries,8487,0,100.0
2021,season,red_zone_carries,8487,0,100.0
2021,ewma,red_zone_carries,8487,0,100.0
2021,last3,inside_10_carries,8487,0,100.0
2021,last5,inside_10_carries,8487,0,100.0
2021,last8,inside_10_carries,8487,0,100.0
2021,season,inside_10_carries,8487,0,100.0
2021,ewma,inside_10_carries,8487,0,100.0
2021,last3,inside_5_carries,8487,0,100.0
2021,last5,inside_5_carries,8487,0,100.0
2021,last8,inside_5_carries,8487,0,100.0
2021,season,inside_5_carries,8487,0,100.0
2021,ewma,inside_5_carries,8487,0,100.0
2021,last3,goal_line_opportunities,8487,0,100.0
2021,last5,goal_line_opportunities,8487,0,100.0
2021,last8,goal_line_opportunities,8487,0,100.0
2021,season,goal_line_opportunities,8487,0,100.0
2021,ewma,goal_line_opportunities,8487,0,100.0
2021,last3,goal_line_opportunity_share,7904,583,93.13
2021,last5,goal_line_opportunity_share,8016,471,94.45
2021,last8,goal_line_opportunity_share,8035,452,94.67
2021,season,goal_line_opportunity_share,8035,452,94.67
2021,ewma,goal_line_opportunity_share,8035,452,94.67
2021,last3,red_zone_targets,8487,0,100.0
2021,last5,red_zone_targets,8487,0,100.0
2021,last8,red_zone_targets,8487,0,100.0
2021,season,red_zone_targets,8487,0,100.0
2021,ewma,red_zone_targets,8487,0,100.0
2021,last3,red_zone_target_share,8454,33,99.61
2021,last5,red_zone_target_share,8454,33,99.61
2021,last8,red_zone_target_share,8454,33,99.61
2021,season,red_zone_target_share,8454,33,99.61
2021,ewma,red_zone_target_share,8454,33,99.61
2021,last3,end_zone_targets,8484,3,99.96
2021,last5,end_zone_targets,8482,5,99.94
2021,last8,end_zone_targets,8479,8,99.91
2021,season,end_zone_targets,8472,15,99.82
2021,ewma,end_zone_targets,8472,15,99.82
2021,last3,end_zone_target_share,8212,275,96.76
2021,last5,end_zone_target_share,8196,291,96.57
2021,last8,end_zone_target_share,8157,330,96.11
2021,season,end_zone_target_share,8115,372,95.62
2021,ewma,end_zone_target_share,8115,372,95.62
2021,last3,team_offensive_context,8487,0,100.0
2021,last5,team_offensive_context,8487,0,100.0
2021,last8,team_offensive_context,8487,0,100.0
2021,season,team_offensive_context,8487,0,100.0
2021,ewma,team_offensive_context,8487,0,100.0
2021,last3,opponent_context,8487,0,100.0
2021,last5,opponent_context,8487,0,100.0
2021,last8,opponent_context,8487,0,100.0
2021,season,opponent_context,8487,0,100.0
2021,ewma,opponent_context,8487,0,100.0
2021,last3,route_participation,0,8487,0.0
2021,last5,route_participation,0,8487,0.0
2021,last8,route_participation,0,8487,0.0
2021,season,route_participation,0,8487,0.0
2021,ewma,route_participation,0,8487,0.0
2022,last3,carries,8322,0,100.0
2022,last5,carries,8322,0,100.0
2022,last8,carries,8322,0,100.0
2022,season,carries,8322,0,100.0
2022,ewma,carries,8322,0,100.0
2022,last3,targets,8322,0,100.0
2022,last5,targets,8322,0,100.0
2022,last8,targets,8322,0,100.0
2022,season,targets,8322,0,100.0
2022,ewma,targets,8322,0,100.0
2022,last3,touches,8322,0,100.0
2022,last5,touches,8322,0,100.0
2022,last8,touches,8322,0,100.0
2022,season,touches,8322,0,100.0
2022,ewma,touches,8322,0,100.0
2022,last3,carry_share,8322,0,100.0
2022,last5,carry_share,8322,0,100.0
2022,last8,carry_share,8322,0,100.0
2022,season,carry_share,8322,0,100.0
2022,ewma,carry_share,8322,0,100.0
2022,last3,target_share,8322,0,100.0
2022,last5,target_share,8322,0,100.0
2022,last8,target_share,8322,0,100.0
2022,season,target_share,8322,0,100.0
2022,ewma,target_share,8322,0,100.0
2022,last3,touch_share,8322,0,100.0
2022,last5,touch_share,8322,0,100.0
2022,last8,touch_share,8322,0,100.0
2022,season,touch_share,8322,0,100.0
2022,ewma,touch_share,8322,0,100.0
2022,last3,snaps,8316,6,99.93
2022,last5,snaps,8316,6,99.93
2022,last8,snaps,8316,6,99.93
2022,season,snaps,8316,6,99.93
2022,ewma,snaps,8316,6,99.93
2022,last3,snap_share,8316,6,99.93
2022,last5,snap_share,8316,6,99.93
2022,last8,snap_share,8316,6,99.93
2022,season,snap_share,8316,6,99.93
2022,ewma,snap_share,8316,6,99.93
2022,last3,red_zone_carries,8322,0,100.0
2022,last5,red_zone_carries,8322,0,100.0
2022,last8,red_zone_carries,8322,0,100.0
2022,season,red_zone_carries,8322,0,100.0
2022,ewma,red_zone_carries,8322,0,100.0
2022,last3,inside_10_carries,8322,0,100.0
2022,last5,inside_10_carries,8322,0,100.0
2022,last8,inside_10_carries,8322,0,100.0
2022,season,inside_10_carries,8322,0,100.0
2022,ewma,inside_10_carries,8322,0,100.0
2022,last3,inside_5_carries,8322,0,100.0
2022,last5,inside_5_carries,8322,0,100.0
2022,last8,inside_5_carries,8322,0,100.0
2022,season,inside_5_carries,8322,0,100.0
2022,ewma,inside_5_carries,8322,0,100.0
2022,last3,goal_line_opportunities,8322,0,100.0
2022,last5,goal_line_opportunities,8322,0,100.0
2022,last8,goal_line_opportunities,8322,0,100.0
2022,season,goal_line_opportunities,8322,0,100.0
2022,ewma,goal_line_opportunities,8322,0,100.0
2022,last3,goal_line_opportunity_share,7790,532,93.61
2022,last5,goal_line_opportunity_share,7924,398,95.22
2022,last8,goal_line_opportunity_share,7957,365,95.61
2022,season,goal_line_opportunity_share,7957,365,95.61
2022,ewma,goal_line_opportunity_share,7957,365,95.61
2022,last3,red_zone_targets,8322,0,100.0
2022,last5,red_zone_targets,8322,0,100.0
2022,last8,red_zone_targets,8322,0,100.0
2022,season,red_zone_targets,8322,0,100.0
2022,ewma,red_zone_targets,8322,0,100.0
2022,last3,red_zone_target_share,8239,83,99.0
2022,last5,red_zone_target_share,8239,83,99.0
2022,last8,red_zone_target_share,8239,83,99.0
2022,season,red_zone_target_share,8239,83,99.0
2022,ewma,red_zone_target_share,8239,83,99.0
2022,last3,end_zone_targets,8322,0,100.0
2022,last5,end_zone_targets,8322,0,100.0
2022,last8,end_zone_targets,8322,0,100.0
2022,season,end_zone_targets,8322,0,100.0
2022,ewma,end_zone_targets,8322,0,100.0
2022,last3,end_zone_target_share,7955,367,95.59
2022,last5,end_zone_target_share,8024,298,96.42
2022,last8,end_zone_target_share,8024,298,96.42
2022,season,end_zone_target_share,8024,298,96.42
2022,ewma,end_zone_target_share,8024,298,96.42
2022,last3,team_offensive_context,8322,0,100.0
2022,last5,team_offensive_context,8322,0,100.0
2022,last8,team_offensive_context,8322,0,100.0
2022,season,team_offensive_context,8322,0,100.0
2022,ewma,team_offensive_context,8322,0,100.0
2022,last3,opponent_context,8322,0,100.0
2022,last5,opponent_context,8322,0,100.0
2022,last8,opponent_context,8322,0,100.0
2022,season,opponent_context,8322,0,100.0
2022,ewma,opponent_context,8322,0,100.0
2022,last3,route_participation,0,8322,0.0
2022,last5,route_participation,0,8322,0.0
2022,last8,route_participation,0,8322,0.0
2022,season,route_participation,0,8322,0.0
2022,ewma,route_participation,0,8322,0.0
2023,last3,carries,8006,0,100.0
2023,last5,carries,8006,0,100.0
2023,last8,carries,8006,0,100.0
2023,season,carries,8006,0,100.0
2023,ewma,carries,8006,0,100.0
2023,last3,targets,8006,0,100.0
2023,last5,targets,8006,0,100.0
2023,last8,targets,8006,0,100.0
2023,season,targets,8006,0,100.0
2023,ewma,targets,8006,0,100.0
2023,last3,touches,8006,0,100.0
2023,last5,touches,8006,0,100.0
2023,last8,touches,8006,0,100.0
2023,season,touches,8006,0,100.0
2023,ewma,touches,8006,0,100.0
2023,last3,carry_share,8006,0,100.0
2023,last5,carry_share,8006,0,100.0
2023,last8,carry_share,8006,0,100.0
2023,season,carry_share,8006,0,100.0
2023,ewma,carry_share,8006,0,100.0
2023,last3,target_share,8006,0,100.0
2023,last5,target_share,8006,0,100.0
2023,last8,target_share,8006,0,100.0
2023,season,target_share,8006,0,100.0
2023,ewma,target_share,8006,0,100.0
2023,last3,touch_share,8006,0,100.0
2023,last5,touch_share,8006,0,100.0
2023,last8,touch_share,8006,0,100.0
2023,season,touch_share,8006,0,100.0
2023,ewma,touch_share,8006,0,100.0
2023,last3,snaps,7996,10,99.88
2023,last5,snaps,7996,10,99.88
2023,last8,snaps,7996,10,99.88
2023,season,snaps,7996,10,99.88
2023,ewma,snaps,7996,10,99.88
2023,last3,snap_share,7996,10,99.88
2023,last5,snap_share,7996,10,99.88
2023,last8,snap_share,7996,10,99.88
2023,season,snap_share,7996,10,99.88
2023,ewma,snap_share,7996,10,99.88
2023,last3,red_zone_carries,8006,0,100.0
2023,last5,red_zone_carries,8006,0,100.0
2023,last8,red_zone_carries,8006,0,100.0
2023,season,red_zone_carries,8006,0,100.0
2023,ewma,red_zone_carries,8006,0,100.0
2023,last3,inside_10_carries,8006,0,100.0
2023,last5,inside_10_carries,8006,0,100.0
2023,last8,inside_10_carries,8006,0,100.0
2023,season,inside_10_carries,8006,0,100.0
2023,ewma,inside_10_carries,8006,0,100.0
2023,last3,inside_5_carries,8006,0,100.0
2023,last5,inside_5_carries,8006,0,100.0
2023,last8,inside_5_carries,8006,0,100.0
2023,season,inside_5_carries,8006,0,100.0
2023,ewma,inside_5_carries,8006,0,100.0
2023,last3,goal_line_opportunities,8006,0,100.0
2023,last5,goal_line_opportunities,8006,0,100.0
2023,last8,goal_line_opportunities,8006,0,100.0
2023,season,goal_line_opportunities,8006,0,100.0
2023,ewma,goal_line_opportunities,8006,0,100.0
2023,last3,goal_line_opportunity_share,7404,602,92.48
2023,last5,goal_line_opportunity_share,7493,513,93.59
2023,last8,goal_line_opportunity_share,7528,478,94.03
2023,season,goal_line_opportunity_share,7528,478,94.03
2023,ewma,goal_line_opportunity_share,7528,478,94.03
2023,last3,red_zone_targets,8006,0,100.0
2023,last5,red_zone_targets,8006,0,100.0
2023,last8,red_zone_targets,8006,0,100.0
2023,season,red_zone_targets,8006,0,100.0
2023,ewma,red_zone_targets,8006,0,100.0
2023,last3,red_zone_target_share,7937,69,99.14
2023,last5,red_zone_target_share,7937,69,99.14
2023,last8,red_zone_target_share,7937,69,99.14
2023,season,red_zone_target_share,7937,69,99.14
2023,ewma,red_zone_target_share,7937,69,99.14
2023,last3,end_zone_targets,8006,0,100.0
2023,last5,end_zone_targets,8006,0,100.0
2023,last8,end_zone_targets,8006,0,100.0
2023,season,end_zone_targets,8006,0,100.0
2023,ewma,end_zone_targets,8006,0,100.0
2023,last3,end_zone_target_share,7668,338,95.78
2023,last5,end_zone_target_share,7692,314,96.08
2023,last8,end_zone_target_share,7692,314,96.08
2023,season,end_zone_target_share,7692,314,96.08
2023,ewma,end_zone_target_share,7692,314,96.08
2023,last3,team_offensive_context,8006,0,100.0
2023,last5,team_offensive_context,8006,0,100.0
2023,last8,team_offensive_context,8006,0,100.0
2023,season,team_offensive_context,8006,0,100.0
2023,ewma,team_offensive_context,8006,0,100.0
2023,last3,opponent_context,8006,0,100.0
2023,last5,opponent_context,8006,0,100.0
2023,last8,opponent_context,8006,0,100.0
2023,season,opponent_context,8006,0,100.0
2023,ewma,opponent_context,8006,0,100.0
2023,last3,route_participation,0,8006,0.0
2023,last5,route_participation,0,8006,0.0
2023,last8,route_participation,0,8006,0.0
2023,season,route_participation,0,8006,0.0
2023,ewma,route_participation,0,8006,0.0
2024,last3,carries,8108,0,100.0
2024,last5,carries,8108,0,100.0
2024,last8,carries,8108,0,100.0
2024,season,carries,8108,0,100.0
2024,ewma,carries,8108,0,100.0
2024,last3,targets,8108,0,100.0
2024,last5,targets,8108,0,100.0
2024,last8,targets,8108,0,100.0
2024,season,targets,8108,0,100.0
2024,ewma,targets,8108,0,100.0
2024,last3,touches,8108,0,100.0
2024,last5,touches,8108,0,100.0
2024,last8,touches,8108,0,100.0
2024,season,touches,8108,0,100.0
2024,ewma,touches,8108,0,100.0
2024,last3,carry_share,8108,0,100.0
2024,last5,carry_share,8108,0,100.0
2024,last8,carry_share,8108,0,100.0
2024,season,carry_share,8108,0,100.0
2024,ewma,carry_share,8108,0,100.0
2024,last3,target_share,8108,0,100.0
2024,last5,target_share,8108,0,100.0
2024,last8,target_share,8108,0,100.0
2024,season,target_share,8108,0,100.0
2024,ewma,target_share,8108,0,100.0
2024,last3,touch_share,8108,0,100.0
2024,last5,touch_share,8108,0,100.0
2024,last8,touch_share,8108,0,100.0
2024,season,touch_share,8108,0,100.0
2024,ewma,touch_share,8108,0,100.0
2024,last3,snaps,8074,34,99.58
2024,last5,snaps,8074,34,99.58
2024,last8,snaps,8074,34,99.58
2024,season,snaps,8074,34,99.58
2024,ewma,snaps,8074,34,99.58
2024,last3,snap_share,8074,34,99.58
2024,last5,snap_share,8074,34,99.58
2024,last8,snap_share,8074,34,99.58
2024,season,snap_share,8074,34,99.58
2024,ewma,snap_share,8074,34,99.58
2024,last3,red_zone_carries,8108,0,100.0
2024,last5,red_zone_carries,8108,0,100.0
2024,last8,red_zone_carries,8108,0,100.0
2024,season,red_zone_carries,8108,0,100.0
2024,ewma,red_zone_carries,8108,0,100.0
2024,last3,inside_10_carries,8108,0,100.0
2024,last5,inside_10_carries,8108,0,100.0
2024,last8,inside_10_carries,8108,0,100.0
2024,season,inside_10_carries,8108,0,100.0
2024,ewma,inside_10_carries,8108,0,100.0
2024,last3,inside_5_carries,8108,0,100.0
2024,last5,inside_5_carries,8108,0,100.0
2024,last8,inside_5_carries,8108,0,100.0
2024,season,inside_5_carries,8108,0,100.0
2024,ewma,inside_5_carries,8108,0,100.0
2024,last3,goal_line_opportunities,8108,0,100.0
2024,last5,goal_line_opportunities,8108,0,100.0
2024,last8,goal_line_opportunities,8108,0,100.0
2024,season,goal_line_opportunities,8108,0,100.0
2024,ewma,goal_line_opportunities,8108,0,100.0
2024,last3,goal_line_opportunity_share,7785,323,96.02
2024,last5,goal_line_opportunity_share,7831,277,96.58
2024,last8,goal_line_opportunity_share,7837,271,96.66
2024,season,goal_line_opportunity_share,7837,271,96.66
2024,ewma,goal_line_opportunity_share,7837,271,96.66
2024,last3,red_zone_targets,8108,0,100.0
2024,last5,red_zone_targets,8108,0,100.0
2024,last8,red_zone_targets,8108,0,100.0
2024,season,red_zone_targets,8108,0,100.0
2024,ewma,red_zone_targets,8108,0,100.0
2024,last3,red_zone_target_share,8065,43,99.47
2024,last5,red_zone_target_share,8065,43,99.47
2024,last8,red_zone_target_share,8065,43,99.47
2024,season,red_zone_target_share,8065,43,99.47
2024,ewma,red_zone_target_share,8065,43,99.47
2024,last3,end_zone_targets,8108,0,100.0
2024,last5,end_zone_targets,8108,0,100.0
2024,last8,end_zone_targets,8108,0,100.0
2024,season,end_zone_targets,8108,0,100.0
2024,ewma,end_zone_targets,8108,0,100.0
2024,last3,end_zone_target_share,7886,222,97.26
2024,last5,end_zone_target_share,7904,204,97.48
2024,last8,end_zone_target_share,7905,203,97.5
2024,season,end_zone_target_share,7905,203,97.5
2024,ewma,end_zone_target_share,7905,203,97.5
2024,last3,team_offensive_context,8108,0,100.0
2024,last5,team_offensive_context,8108,0,100.0
2024,last8,team_offensive_context,8108,0,100.0
2024,season,team_offensive_context,8108,0,100.0
2024,ewma,team_offensive_context,8108,0,100.0
2024,last3,opponent_context,8108,0,100.0
2024,last5,opponent_context,8108,0,100.0
2024,last8,opponent_context,8108,0,100.0
2024,season,opponent_context,8108,0,100.0
2024,ewma,opponent_context,8108,0,100.0
2024,last3,route_participation,0,8108,0.0
2024,last5,route_participation,0,8108,0.0
2024,last8,route_participation,0,8108,0.0
2024,season,route_participation,0,8108,0.0
2024,ewma,route_participation,0,8108,0.0
2025,last3,carries,8395,0,100.0
2025,last5,carries,8395,0,100.0
2025,last8,carries,8395,0,100.0
2025,season,carries,8395,0,100.0
2025,ewma,carries,8395,0,100.0
2025,last3,targets,8395,0,100.0
2025,last5,targets,8395,0,100.0
2025,last8,targets,8395,0,100.0
2025,season,targets,8395,0,100.0
2025,ewma,targets,8395,0,100.0
2025,last3,touches,8395,0,100.0
2025,last5,touches,8395,0,100.0
2025,last8,touches,8395,0,100.0
2025,season,touches,8395,0,100.0
2025,ewma,touches,8395,0,100.0
2025,last3,carry_share,8395,0,100.0
2025,last5,carry_share,8395,0,100.0
2025,last8,carry_share,8395,0,100.0
2025,season,carry_share,8395,0,100.0
2025,ewma,carry_share,8395,0,100.0
2025,last3,target_share,8395,0,100.0
2025,last5,target_share,8395,0,100.0
2025,last8,target_share,8395,0,100.0
2025,season,target_share,8395,0,100.0
2025,ewma,target_share,8395,0,100.0
2025,last3,touch_share,8395,0,100.0
2025,last5,touch_share,8395,0,100.0
2025,last8,touch_share,8395,0,100.0
2025,season,touch_share,8395,0,100.0
2025,ewma,touch_share,8395,0,100.0
2025,last3,snaps,8346,49,99.42
2025,last5,snaps,8346,49,99.42
2025,last8,snaps,8346,49,99.42
2025,season,snaps,8346,49,99.42
2025,ewma,snaps,8346,49,99.42
2025,last3,snap_share,8346,49,99.42
2025,last5,snap_share,8346,49,99.42
2025,last8,snap_share,8346,49,99.42
2025,season,snap_share,8346,49,99.42
2025,ewma,snap_share,8346,49,99.42
2025,last3,red_zone_carries,8395,0,100.0
2025,last5,red_zone_carries,8395,0,100.0
2025,last8,red_zone_carries,8395,0,100.0
2025,season,red_zone_carries,8395,0,100.0
2025,ewma,red_zone_carries,8395,0,100.0
2025,last3,inside_10_carries,8395,0,100.0
2025,last5,inside_10_carries,8395,0,100.0
2025,last8,inside_10_carries,8395,0,100.0
2025,season,inside_10_carries,8395,0,100.0
2025,ewma,inside_10_carries,8395,0,100.0
2025,last3,inside_5_carries,8395,0,100.0
2025,last5,inside_5_carries,8395,0,100.0
2025,last8,inside_5_carries,8395,0,100.0
2025,season,inside_5_carries,8395,0,100.0
2025,ewma,inside_5_carries,8395,0,100.0
2025,last3,goal_line_opportunities,8395,0,100.0
2025,last5,goal_line_opportunities,8395,0,100.0
2025,last8,goal_line_opportunities,8395,0,100.0
2025,season,goal_line_opportunities,8395,0,100.0
2025,ewma,goal_line_opportunities,8395,0,100.0
2025,last3,goal_line_opportunity_share,7817,578,93.11
2025,last5,goal_line_opportunity_share,7894,501,94.03
2025,last8,goal_line_opportunity_share,7896,499,94.06
2025,season,goal_line_opportunity_share,7896,499,94.06
2025,ewma,goal_line_opportunity_share,7896,499,94.06
2025,last3,red_zone_targets,8395,0,100.0
2025,last5,red_zone_targets,8395,0,100.0
2025,last8,red_zone_targets,8395,0,100.0
2025,season,red_zone_targets,8395,0,100.0
2025,ewma,red_zone_targets,8395,0,100.0
2025,last3,red_zone_target_share,8275,120,98.57
2025,last5,red_zone_target_share,8275,120,98.57
2025,last8,red_zone_target_share,8275,120,98.57
2025,season,red_zone_target_share,8275,120,98.57
2025,ewma,red_zone_target_share,8275,120,98.57
2025,last3,end_zone_targets,8395,0,100.0
2025,last5,end_zone_targets,8395,0,100.0
2025,last8,end_zone_targets,8395,0,100.0
2025,season,end_zone_targets,8395,0,100.0
2025,ewma,end_zone_targets,8395,0,100.0
2025,last3,end_zone_target_share,8084,311,96.3
2025,last5,end_zone_target_share,8118,277,96.7
2025,last8,end_zone_target_share,8118,277,96.7
2025,season,end_zone_target_share,8118,277,96.7
2025,ewma,end_zone_target_share,8118,277,96.7
2025,last3,team_offensive_context,8395,0,100.0
2025,last5,team_offensive_context,8395,0,100.0
2025,last8,team_offensive_context,8395,0,100.0
2025,season,team_offensive_context,8395,0,100.0
2025,ewma,team_offensive_context,8395,0,100.0
2025,last3,opponent_context,8395,0,100.0
2025,last5,opponent_context,8395,0,100.0
2025,last8,opponent_context,8395,0,100.0
2025,season,opponent_context,8395,0,100.0
2025,ewma,opponent_context,8395,0,100.0
2025,last3,route_participation,0,8395,0.0
2025,last5,route_participation,0,8395,0.0
2025,last8,route_participation,0,8395,0.0
2025,season,route_participation,0,8395,0.0
2025,ewma,route_participation,0,8395,0.0
